objid,ra,dec,u,g,r,i,z
587727223545069601,322.49170435,12.2405633,16.883572,15.351023,14.622275,14.282806,14.098876
587727223545004396,322.47014142,12.2377874,18.176758,16.893497,16.327122,16.061697,15.909163
587727223545004385,322.45806489,12.23524939,17.310692,15.925076,15.183404,14.870033,14.694505
587727223545004387,322.46032032,12.2352761,17.116549,15.904959,15.734923,15.665139,15.619807
587727223545004404,322.47302241,12.24303145,18.620701,17.439074,16.901918,16.655497,16.523796
587727223545069611,322.48618908,12.2431366,17.835653,16.610849,16.024702,15.74847,15.610188
587727223545004386,322.48059637,12.25141907,17.408474,15.98415,15.333231,15.030075,14.862226
587727223545004388,322.4660338,12.24113587,17.42514,16.080549,15.444411,15.156944,14.996024
587727223545004401,322.44579994,12.23485524,17.686802,17.235498,17.492567,17.710264,17.877462
587727223545005732,322.45247918,12.24359287,22.215849,21.280239,20.864304,20.71282,20.417482
587727223545069612,322.50764636,12.24428439,18.638567,16.868637,16.122814,15.824214,15.65945
587727223545069614,322.48493757,12.24588747,17.972248,16.707869,16.111994,15.841926,15.681255
587727223545069621,322.49546014,12.25309026,20.860229,18.635036,17.198847,16.275312,15.749186
587727223545004384,322.46211311,12.24905342,15.781969,14.324656,13.826096,16.575048,13.631509
587727223545004393,322.43902732,12.23924015,18.14834,16.757574,16.213366,16.003721,15.901755
587727223545004394,322.46454125,12.25160879,20.457275,17.909031,16.536728,15.923465,15.596251
587727223545005499,322.43057346,12.22955257,22.006741,20.728859,20.404751,20.209139,20.077574
587727223545005501,322.43014204,12.23156376,22.881466,21.315931,21.011835,20.618414,20.336683
587727223545005502,322.43045677,12.23006619,23.076181,21.675194,21.47534,21.218756,22.068899
587727223545005506,322.42960995,12.23034692,23.796366,22.221087,21.667206,21.705091,20.452559
587727223545005508,322.43094849,12.22851748,24.960384,22.524433,22.155012,21.842882,22.139484
587727223545005731,322.45238226,12.24482232,24.478632,21.801998,21.39254,21.295197,21.706976
587727223545006963,322.45280573,12.24661334,24.753176,22.529297,21.782019,21.253706,21.846157
587727223545007361,322.47004942,12.25423609,24.667767,23.982317,22.396523,22.99398,21.953552
587727223545069607,322.49084667,12.25383728,17.323967,16.083094,15.658835,15.51445,15.387249
587727223545069620,322.51610278,12.25088335,17.52475,17.014292,17.20735,17.355686,17.48307
587727223545070536,322.52002401,12.25267142,21.176296,20.051365,19.823856,19.711174,19.55982
587727223545070537,322.51932168,12.25248794,24.537041,22.34516,21.434521,21.394127,21.491327
587727223545004664,322.4514513,12.25098205,20.455462,19.602798,19.308622,19.142897,19.106924
587727223545004665,322.45374766,12.25158208,20.599413,19.595722,19.344542,19.223116,19.208044
587727223545004666,322.44954574,12.2511327,24.703407,20.720007,19.42271,18.852633,18.644079
587727223545004667,322.45170286,12.25233608,20.879057,20.066391,19.652613,19.525723,19.700565
587727223545004671,322.44824955,12.24991589,21.706484,20.714224,20.385807,20.183088,20.009777
587727223545004673,322.45509255,12.2503327,21.325211,20.581404,20.167484,20.068018,20.031332
587727223545004677,322.44919629,12.25000858,22.889688,21.429159,20.947927,20.782064,20.591066
587727223545004679,322.44894553,12.24938992,22.725435,21.666824,21.11838,21.11973,20.856913
587727223545004683,322.45318052,12.25010326,22.60568,22.075661,21.429163,21.111259,20.987389
587727223545004684,322.45226154,12.25068857,23.28307,22.305164,21.621519,21.680292,21.662832
587727223545005503,322.43126366,12.2345146,23.406693,21.848349,21.597771,21.09771,20.943665
587727223545005504,322.43062429,12.23476186,23.672802,22.282948,21.766214,21.639704,21.137758
587727223545005507,322.42879696,12.2320396,24.410034,23.235556,22.17926,21.811001,21.977592
587727223545005509,322.4287547,12.23246659,25.466841,22.989744,22.418486,22.253756,22.687626
587727223545006188,322.43264584,12.23578397,22.123583,21.005785,20.682182,20.408606,20.469063
587727223545006995,322.45642118,12.25362497,22.073704,22.522213,22.651125,22.285173,21.868996
587727223545006996,322.45651676,12.25280715,24.409683,25.021717,24.323231,21.807377,21.331175
587727223545006997,322.45720189,12.25279616,24.854715,23.148851,22.565168,21.775284,21.816284
587727223545069608,322.49871994,12.25960025,17.46711,16.265823,15.947597,15.810651,15.728922
587727223545069616,322.52344647,12.25275502,17.380297,16.663046,16.847696,17.072489,17.187057
587727223545070299,322.48898779,12.25967277,23.462433,20.669178,19.130844,17.967768,17.367798
587727223545070301,322.48656232,12.26020565,22.234379,22.705957,22.366173,22.048758,21.716105
587727223545070383,322.50255042,12.25831019,20.717783,19.669104,19.339205,19.147552,18.982594
587727223545070384,322.50334582,12.25874102,21.396097,20.511103,20.228519,20.033653,20.100821
587727223545070392,322.50467552,12.26013077,20.987965,20.071461,19.732605,19.563797,19.619032
587727223545071564,322.49445279,12.25995132,25.078419,22.395145,21.535618,21.375559,22.585129
587727223545071686,322.51938428,12.25653364,22.382353,21.851498,21.35457,21.257116,20.942457
587727223545071739,322.52668646,12.25212494,26.158686,22.461967,21.861343,21.958708,21.880035
587727223545072526,322.517614,12.25712971,25.985083,23.568653,22.643896,23.139547,21.341377
587727223545004390,322.46351838,12.26348076,17.915798,16.529013,16.0156,15.838923,15.764801
587727223545004397,322.4587158,12.26179875,18.282278,17.00621,16.418602,16.148663,15.987526
587727223545004400,322.46379765,12.26173172,18.318264,17.042969,16.539173,16.346563,16.251852
587727223545004402,322.43920539,12.2456192,18.808182,17.423798,16.808708,16.547829,16.39325
587727223545004566,322.43618559,12.25138219,21.979673,20.652758,20.342352,20.056627,20.018995
587727223545004663,322.45295959,12.25458523,20.043995,19.073229,18.746132,18.591675,18.548895
587727223545004668,322.45158357,12.25274844,21.12023,19.971207,19.78982,19.672522,19.69137
587727223545004669,322.4539815,12.2603804,21.261391,20.208157,19.97773,19.817451,20.142517
587727223545004670,322.45571699,12.25863294,21.64081,20.540104,20.077534,19.950512,19.847692
587727223545004674,322.45575417,12.25823087,22.647264,20.786209,20.710236,20.533541,21.032423
587727223545004675,322.45616142,12.25956856,21.772478,20.842148,20.55715,20.358215,20.478796
587727223545004676,322.45381615,12.25674451,22.354715,20.921185,20.566031,20.297318,20.223377
587727223545004678,322.45264472,12.25731424,22.776722,21.562952,21.144878,20.948866,21.44734
587727223545004680,322.45210521,12.257093,23.027916,21.88513,21.15765,21.009604,21.010389
587727223545004681,322.45232744,12.25591955,23.158304,21.646229,21.062431,20.931482,20.867395
587727223545004682,322.45486036,12.25781225,22.47168,21.914289,21.275856,20.968042,20.653793
587727223545004685,322.45182263,12.25399957,23.384405,22.088442,21.525181,21.137835,20.763685
587727223545004686,322.45232856,12.25880478,23.869699,22.318268,21.844095,21.766186,21.654984
587727223545005409,322.41528606,12.22993777,21.349848,20.274118,19.975853,19.842525,19.923382
587727223545005410,322.41550933,12.23064254,24.2547,22.13135,21.748442,22.057331,21.083651
587727223545005628,322.44325986,12.25353559,22.131136,20.98274,20.65085,20.361034,20.516539
587727223545005629,322.44471912,12.25412614,22.626701,21.552612,21.452925,20.906898,20.5439
587727223545005630,322.44203224,12.25272277,23.578053,21.946217,21.489122,21.124397,20.91412
587727223545005631,322.44117936,12.25389846,24.930346,22.71645,21.823019,21.892992,22.47788
587727223545005658,322.44542229,12.2501352,20.684042,18.220348,17.207329,16.831039,16.630695
587727223545005659,322.44583293,12.25230183,21.26424,20.370756,20.145779,19.95591,19.852293
587727223545005660,322.44645856,12.25103861,24.305981,22.857203,22.489275,22.631493,20.923079
587727223545005671,322.44797781,12.25686941,19.979113,19.012302,18.645615,18.497087,18.443256
587727223545005673,322.44930423,12.25587439,23.145611,20.985111,20.055866,19.636101,19.43429
587727223545005675,322.44566615,12.25690586,21.702967,20.58597,20.326372,20.244852,19.889174
587727223545005679,322.44873794,12.25624327,24.20019,22.898626,22.104084,22.537996,22.567984
587727223545005680,322.44647043,12.25612459,26.060877,23.615677,22.481087,22.380577,21.214493
587727223545005916,322.47166348,12.26333203,20.732918,19.770847,19.515909,19.404831,19.255442
587727223545005917,322.47298267,12.262338,21.127407,20.14666,19.860403,19.764399,19.546003
587727223545005918,322.47081067,12.26339153,21.841618,20.703169,20.338905,20.252728,20.269539
587727223545006181,322.42493723,12.23773101,21.754581,21.114901,20.764301,20.528917,20.161156
587727223545006944,322.44796177,12.25248315,22.789301,21.99329,21.747187,21.451809,20.820074
587727223545006945,322.4483557,12.25361155,23.16802,22.266972,21.659081,21.546995,21.373968
587727223545006946,322.44775645,12.25306724,25.521286,22.922167,22.344152,21.807388,21.569151
587727223545007068,322.46694854,12.26289166,26.261267,23.020494,22.921865,22.167139,22.427738
587727223545007122,322.47516898,12.26240762,24.334192,22.617132,22.039648,21.914255,22.302668
587727223545007330,322.43595825,12.24454318,23.925318,23.419905,22.539936,22.34934,21.432304
587727223545069606,322.52915554,12.26077651,17.286074,16.262253,15.553038,15.388621,15.321362
587727223545069609,322.49216683,12.26717681,18.099207,16.573999,15.984838,15.779542,15.672837
587727223545069617,322.50789806,12.26346555,18.310884,17.04524,16.446484,16.155472,15.995677
587727223545070277,322.48373645,12.26525052,20.102434,19.086048,18.718451,18.565168,18.52776
587727223545070278,322.48411098,12.26595477,21.843592,20.47802,20.171911,20.003222,19.925985
587727223545070279,322.48529039,12.26447952,21.749334,20.945055,20.598873,20.318047,20.310133
587727223545070280,322.48434895,12.26330371,21.602724,21.174656,20.760363,20.619307,20.464809
587727223545070282,322.48533073,12.26627248,23.892506,22.323881,21.950481,21.552475,21.638439
587727223545070284,322.48559525,12.26529884,24.668226,24.715538,22.187496,22.017086,22.404228
587727223545070612,322.54304825,12.25492205,20.023647,19.050989,18.575319,18.384129,18.207232
587727223545070613,322.54048782,12.25488737,22.153738,20.760504,20.452028,20.256374,20.382036
587727223545070616,322.54181458,12.2550776,22.112528,21.104752,20.809021,20.624458,20.482456
587727223545071671,322.51611062,12.26407887,24.462193,22.418716,21.769835,21.672714,22.533102
587727223545071777,322.53223038,12.25591914,26.269457,22.500113,21.824974,22.409832,21.616575
587727223545004372,322.40462457,12.22796668,18.049793,16.805771,16.228174,15.935037,15.716231
587727223545004373,322.4028283,12.227052,22.516474,21.148363,20.689829,20.563719,20.294279
587727223545004374,322.40223273,12.22717618,22.448273,21.653877,21.382307,21.13063,20.952696
587727223545004375,322.40293112,12.22784629,23.486891,21.993235,21.603569,21.09931,21.184328
587727223545004395,322.45937739,12.26422827,18.354849,16.865253,16.316092,16.122793,16.032343
587727223545004399,322.42555756,12.24608653,21.013103,18.1327,16.802542,16.26292,15.9542
587727223545004554,322.43143599,12.25829537,22.297234,19.268835,18.165943,17.748083,17.496529
587727223545004555,322.43375932,12.25653738,20.514643,19.45153,19.150301,18.994738,18.973024
587727223545004556,322.43909041,12.25436923,20.44915,19.596121,19.22529,19.108536,19.079315
587727223545004558,322.43553158,12.25389303,21.025307,19.787092,19.53249,19.399075,19.259857
587727223545004560,322.429869,12.25620555,21.111486,20.140711,19.874937,19.715799,19.769491
587727223545004564,322.4267721,12.25068786,21.407307,20.422611,20.057367,19.952404,19.888372
587727223545004565,322.43166986,12.25739277,21.755518,20.551491,20.196093,20.047235,19.900209
587727223545004567,322.43123149,12.25126851,21.697121,20.737547,20.288342,20.165127,20.154522
587727223545004569,322.43375172,12.25245511,21.784811,20.704123,20.306248,20.055149,19.986942
587727223545004572,322.43441316,12.2516208,21.646732,20.946215,20.501688,20.369406,20.091814
587727223545004575,322.43154727,12.24990113,21.862597,21.172501,20.783707,20.497936,20.203711
587727223545004662,322.45305281,12.26086147,19.358109,18.157541,17.639053,17.403299,17.283611
587727223545004672,322.45273011,12.26172055,21.968826,20.824959,20.416468,20.170446,20.231571
587727223545004712,322.47406848,12.27120745,17.009598,14.917527,14.139009,17.210478,13.815042
587727223545004713,322.47232973,12.27442082,17.487694,16.573351,16.84684,17.060686,17.25024
587727223545004718,322.47373754,12.2680735,20.77566,19.589325,19.337118,19.20989,19.218508
587727223545004720,322.47288517,12.26639502,20.749847,19.870062,19.593349,19.404121,19.385969
587727223545004721,322.47266091,12.27032147,21.006111,20.125534,19.838017,20.196239,19.977953
587727223545004728,322.47255464,12.27304847,21.287409,25.122438,20.615948,24.356874,22.817438
587727223545004730,322.47618085,12.27268477,21.772305,20.920561,20.460587,20.322157,20.415943
587727223545005296,322.40082341,12.22522474,19.967556,19.02548,18.735256,18.587502,18.518177
587727223545005297,322.40009624,12.22373118,22.986105,22.019098,21.70904,21.361969,20.934309
587727223545005366,322.40510456,12.23249904,25.18973,21.364935,20.041061,19.331985,18.938858
587727223545005367,322.40651201,12.23318603,21.88641,21.191141,20.841759,20.657494,20.596027
587727223545005456,322.42182187,12.25123956,24.331158,22.60033,22.075268,21.699152,22.383343
587727223545005457,322.42327563,12.25105115,23.595041,22.59416,22.061115,21.808138,21.309782
587727223545005458,322.42095221,12.25073806,24.265486,22.766081,22.207609,21.921801,21.756388
587727223545005459,322.42164056,12.24998161,26.068295,23.101082,22.256536,22.318182,22.640982
587727223545005602,322.43815794,12.2586994,22.400724,20.323189,19.421242,18.997587,18.728731
587727223545005603,322.43781999,12.2595298,21.683826,20.367411,20.008919,19.82173,19.767485
587727223545005604,322.43745952,12.25908142,23.938602,21.615612,21.356556,20.951672,20.887918
587727223545005605,322.4380097,12.25810741,24.673542,22.222013,21.789183,21.469269,21.315216
587727223545005611,322.44168147,12.2624865,21.328932,20.574345,20.263096,20.089392,19.962378
587727223545005612,322.44352715,12.26233523,24.229473,25.14642,22.37384,20.64864,20.203444
587727223545005614,322.44314333,12.26245113,24.288673,22.306004,21.715517,21.717606,20.953226
587727223545005624,322.44146291,12.25648146,21.050304,18.583265,17.445177,16.962151,16.676384
587727223545005625,322.44035296,12.25635831,21.731192,20.764765,20.461475,20.344036,20.877781
587727223545005672,322.44627684,12.2576837,21.261028,20.189646,19.877018,19.69318,19.806479
587727223545005674,322.44857317,12.25851472,21.487741,20.477156,20.201265,19.966518,19.822876
587727223545005676,322.44644431,12.25882261,21.980093,20.97613,20.534716,20.414614,20.353865
587727223545005677,322.44735465,12.25841473,23.039305,21.49267,21.169235,20.870396,21.29229
587727223545005699,322.44544611,12.26504697,21.939322,20.761528,20.385473,20.195803,20.190998
587727223545005700,322.44501737,12.26372275,22.701433,21.703268,21.200466,21.04018,20.848803
587727223545005721,322.44982319,12.2660185,20.885569,19.889914,19.605532,19.422899,19.409761
587727223545005722,322.44875028,12.26702411,21.222481,20.399765,20.044516,19.905937,19.915272
587727223545005724,322.45000099,12.26136222,20.708069,19.637772,19.340208,19.212423,19.253649
587727223545005725,322.44744604,12.26288032,25.299162,22.410658,20.935438,19.254038,18.413431
587727223545005726,322.44811358,12.26126429,21.887051,21.075195,20.661945,20.453053,20.573694
587727223545005727,322.44703351,12.2621563,24.224218,22.730059,22.174673,21.91375,22.136381
587727223545005755,322.45358473,12.2638958,20.658924,19.581985,19.339855,19.147438,19.125751
587727223545005756,322.45488051,12.26876108,21.109863,20.126617,19.857944,19.645796,19.618937
587727223545005757,322.45279793,12.26376767,22.713062,21.340963,20.715122,20.61039,20.97827
587727223545005758,322.45466992,12.26717738,23.904488,22.123072,21.470156,21.275579,21.648514
587727223545005759,322.452554,12.2665374,23.892958,22.234425,21.809298,21.604061,23.24334
587727223545005761,322.45442335,12.26447466,23.667843,22.915911,23.283716,23.3295,21.956629
587727223545005762,322.4550318,12.26428963,23.212456,23.121355,22.294989,22.216082,21.670715
587727223545005763,322.45453948,12.2661812,22.838266,23.062752,22.432211,22.407764,21.897083
587727223545005832,322.45842492,12.27048444,22.655542,22.082296,21.572985,21.419104,21.019011
587727223545006163,322.4073829,12.23606741,22.290991,24.3762,26.451521,25.590042,23.402777
587727223545006179,322.42006854,12.24281164,22.188736,21.120165,20.714231,20.739536,20.426626
587727223545006180,322.41995912,12.24336174,22.023195,21.413956,21.063313,20.80518,20.878241
587727223545006665,322.40348169,12.23023651,23.237665,21.755617,21.283302,21.096069,20.51684
587727223545006684,322.40635994,12.23093148,22.097225,21.12393,20.634613,20.437515,20.696846
587727223545006801,322.42252397,12.24366208,23.546478,22.856672,22.01631,22.074284,22.033108
587727223545006832,322.42654234,12.25373882,22.999842,21.040812,20.433424,20.255802,19.882969
587727223545006895,322.43632445,12.25780135,23.614019,22.347277,21.761877,21.402138,21.117813
587727223545006938,322.44433235,12.26048436,22.184925,21.176472,20.589449,20.354271,20.206987
587727223545006939,322.44542074,12.26056628,23.08868,22.175724,21.713499,21.551594,22.522505
587727223545006956,322.44773199,12.26493442,24.187084,22.365791,21.963205,21.821671,21.682419
587727223545007057,322.46259915,12.27230211,25.894478,22.546686,22.019045,21.911505,21.156675
587727223545007322,322.42509652,12.24859607,25.214098,23.768082,22.2675,22.327553,21.536495
587727223545007347,322.45009274,12.26343824,24.235149,23.495422,22.367746,22.498264,21.614922
587727223545007460,322.43028399,12.25441661,24.86606,25.210402,22.818151,21.958019,21.173206
587727223545007467,322.44321884,12.25811882,24.540613,24.714676,23.04627,21.722677,22.743988
587727223545007473,322.45775808,12.26675272,23.171844,23.235662,22.438719,21.783461,21.973925
587727223545069573,322.48035956,12.26885066,17.984753,16.699341,16.105656,15.829858,15.669203
587727223545069575,322.4830842,12.27323395,20.250412,19.319342,18.991138,18.777313,18.714464
587727223545069577,322.48173441,12.2728358,21.416283,20.318575,20.019518,19.766499,19.956724
587727223545069582,322.48267164,12.27468947,21.847065,21.091473,20.730482,20.516602,20.135376
587727223545069619,322.50347428,12.26963833,18.406954,17.07366,16.477449,16.189919,16.028137
587727223545070314,322.49037391,12.27574346,21.056614,20.330769,20.002918,19.804094,19.977501
587727223545070315,322.48867711,12.27562358,22.887589,21.923298,21.500605,21.399944,20.738939
587727223545070679,322.55037258,12.25300796,21.267494,20.176334,19.930494,19.720745,19.65543
587727223545070680,322.54921879,12.25349415,22.350042,21.390381,21.112185,20.801363,20.98204
587727223545070700,322.55237052,12.25813461,20.715065,19.480564,19.213932,19.127089,19.09836
587727223545070701,322.55467775,12.25755673,21.592054,20.690159,20.323318,20.160675,20.189125
587727223545070702,322.55311301,12.25822672,22.330753,20.791334,20.595594,20.403229,20.056694
587727223545070703,322.55135729,12.25513581,22.065157,21.120256,20.849068,20.617321,20.544924
587727223545070704,322.55219654,12.25460397,22.813122,21.407166,21.07522,20.931971,20.73708
587727223545070706,322.55080429,12.25495296,24.97665,22.77178,21.398552,21.139666,21.018808
587727223545070707,322.55224791,12.25566475,23.285902,22.273844,21.650185,21.385794,21.818224
587727223545070708,322.5526896,12.25596269,24.592297,22.570511,21.886215,22.452662,21.410046
587727223545070709,322.5538305,12.25844124,23.948902,25.419825,23.0016,23.996819,23.151722
587727223545070710,322.55342606,12.25664431,24.618607,23.142319,22.474808,22.234741,21.24299
587727223545071311,322.48385848,12.26825483,21.895481,21.130758,20.749378,20.539749,20.764692
587727223545071312,322.48472034,12.26886708,23.88677,22.267796,21.635427,21.325417,21.224413
587727223545071496,322.48517245,12.27496469,22.342035,21.787136,21.31354,21.094475,20.918304
587727223545071497,322.48507239,12.27577486,25.815641,22.763792,21.812456,21.403063,21.570759
587727223545071519,322.48712244,12.27348966,25.690456,23.209402,21.407188,20.05662,19.633759
587727223545071520,322.48757561,12.27361428,22.425478,21.698418,21.260262,21.144772,22.627665
587727223545071599,322.49798101,12.27379567,22.877644,21.644817,21.117302,20.998219,20.650593
587727223545071647,322.50846657,12.27364077,21.970924,21.255674,20.84338,20.70911,20.418951
587727223545071693,322.51733,12.27137085,26.081682,23.166727,22.440891,22.363726,23.130838
587727223545072696,322.55020878,12.25781961,24.919239,24.718222,22.689756,21.266331,20.209208
587727223545072699,322.55480328,12.25540706,26.451246,23.315744,22.970247,21.835657,23.380537
587727223545004285,322.39713361,12.23562835,16.457006,14.671989,13.833679,16.37126,13.271091
587727223545004287,322.40019603,12.23556787,23.057095,20.499689,19.035557,17.675644,16.977278
587727223545004290,322.39191514,12.22727014,20.321398,19.282143,19.021114,18.891445,18.739359
587727223545004291,322.4005589,12.2370047,23.212685,21.257223,19.852793,18.441532,17.75631
587727223545004294,322.39813179,12.23436249,21.382374,20.47821,20.221128,19.976025,19.902037
587727223545004296,322.39472162,12.22945068,22.2862,20.93541,20.558939,20.253727,20.345573
587727223545004302,322.3958017,12.22966336,22.214142,21.21232,20.800411,20.678724,21.071232
587727223545004304,322.39422391,12.23154389,24.418013,21.62385,20.978481,20.717587,20.634417
587727223545004305,322.40207046,12.23443252,23.452978,21.507742,21.081179,20.805931,20.735996
587727223545004306,322.39797148,12.23265106,23.163338,21.584215,21.251846,20.913883,20.822918
587727223545004339,322.40255116,12.24398682,20.374918,19.448879,19.169701,19.032536,18.985016
587727223545004341,322.40236251,12.24184791,20.694006,19.745132,19.456974,19.375944,19.339167
587727223545004344,322.4092542,12.24570522,21.212906,20.293798,19.964062,19.88689,19.767057
587727223545004345,322.41137036,12.24547941,20.904776,19.960751,19.611998,19.411482,19.314779
587727223545004346,322.40487087,12.24469355,21.241587,20.515728,20.104731,19.873503,19.937807
587727223545004350,322.40041796,12.24198675,21.30481,20.794981,20.452194,20.2616,20.48938
587727223545004355,322.41008377,12.24782293,22.336061,21.235882,20.91186,20.599714,20.823652
587727223545004389,322.41443235,12.25184394,18.391872,16.33725,15.530313,15.248999,15.099246
587727223545004484,322.41940308,12.26018209,22.585657,21.420027,20.99332,20.792376,20.616222
587727223545004488,322.42006047,12.25967304,23.199789,23.327597,22.263031,21.670523,22.481266
587727223545004553,322.43163472,12.26311522,16.487925,14.760236,13.969902,13.889987,13.385555
587727223545004557,322.42924814,12.25982341,20.698767,19.671278,19.362753,19.2376,19.2202
587727223545004561,322.43053279,12.26715592,21.0469,20.267313,19.90136,19.765417,19.917528
587727223545004563,322.42595847,12.25716611,21.343025,20.340031,19.993982,19.850067,19.84395
587727223545004568,322.42799607,12.25777999,21.37286,20.641119,20.362753,20.131477,20.070959
587727223545004574,322.42160255,12.25827201,22.302763,21.166233,20.686934,20.489664,20.279007
587727223545004576,322.42292489,12.25808205,22.047735,21.223654,20.784748,20.627111,20.567135
587727223545004610,322.44489437,12.27157693,18.178925,16.853802,16.266937,15.998499,15.829023
587727223545004613,322.44645477,12.27443183,19.996323,19.023077,18.67034,18.495575,18.462612
587727223545004616,322.44961731,12.27212586,26.067562,21.850006,20.548697,19.141598,18.416946
587727223545004618,322.44934304,12.27608572,21.160473,20.157087,19.805645,19.638409,19.533764
587727223545004625,322.44656365,12.26799759,21.642908,20.629602,20.207806,19.953676,19.926167
587727223545004629,322.44841553,12.27533268,21.748077,20.968134,20.612139,20.34104,20.312931
587727223545004715,322.46898542,12.27807481,19.233538,18.017792,17.488987,17.222252,17.097179
587727223545004716,322.47745872,12.277073,20.027843,19.025148,18.723316,18.533468,18.508289
587727223545004717,322.47080638,12.27586351,20.441706,19.536926,19.259113,19.126637,18.938822
587727223545004725,322.47069293,12.27927331,21.540907,20.599367,20.244654,20.05858,20.032135
587727223545004734,322.46991409,12.27824887,21.815912,21.079166,20.915951,21.01432,20.44059
587727223545005247,322.39066664,12.22508109,20.882488,19.896896,19.629078,19.470621,19.477844
587727223545005265,322.39652388,12.22690779,21.773224,20.439711,20.149343,19.973988,20.019863
587727223545005268,322.39809286,12.22719945,22.365891,20.960903,20.542801,20.307022,20.318815
587727223545005270,322.39932075,12.22779918,22.404688,21.451445,20.902723,20.720644,20.789742
587727223545005271,322.39593839,12.22449785,22.746273,21.863894,21.618254,21.344355,22.396498
587727223545005272,322.39557869,12.22609175,25.281313,21.897175,21.279589,20.911201,21.155054
587727223545005322,322.4006487,12.23941758,21.301105,20.496874,20.216534,19.989195,19.949469
587727223545005337,322.40614013,12.24214488,20.309969,19.360291,19.071915,18.906702,18.895765
587727223545005338,322.40509498,12.23790429,20.455269,19.530682,19.215902,19.038134,18.989489
587727223545005339,322.40868618,12.24148995,20.504194,19.632019,19.232969,19.102221,19.103165
587727223545005340,322.40655035,12.23873459,26.123222,21.769865,20.277977,19.258375,18.640745
587727223545005341,322.40305329,12.23704586,21.170055,20.3874,20.08375,19.925739,19.89444
587727223545005342,322.40858431,12.23993252,21.737257,20.453754,20.067455,19.830994,19.708117
587727223545005343,322.40695788,12.24128412,22.168062,21.910343,21.261436,21.043009,20.888369
587727223545005344,322.4052137,12.24140376,25.555923,23.342932,22.164013,20.966684,20.223368
587727223545005345,322.40969278,12.24077348,23.102043,22.038229,21.416845,21.20396,21.030451
587727223545005346,322.4071932,12.24042116,24.212744,22.160259,21.533936,21.28491,21.925249
587727223545005347,322.4077493,12.23971227,23.333172,23.192762,22.132402,22.041786,21.644823
587727223545005365,322.40462817,12.23489515,20.472395,19.373547,19.11928,18.958227,18.934797
587727223545005451,322.42010891,12.25129193,21.741053,20.563377,20.216835,20.018522,20.054457
587727223545005454,322.41799632,12.25255688,23.856447,21.966789,21.547726,21.334604,20.68952
587727223545005455,322.41839712,12.25067002,24.924286,22.601212,21.880198,21.786499,21.731609
587727223545005469,322.4214766,12.25448712,21.359331,20.663074,20.273039,20.133085,19.885695
587727223545005471,322.41948995,12.25618758,22.867086,22.151276,21.393921,21.154682,20.823
587727223545005472,322.42069788,12.25603957,23.734697,21.955898,21.46694,21.371988,21.324667
587727223545005473,322.42314465,12.25512171,23.04483,22.000671,21.645948,21.555807,20.724674
587727223545005474,322.42267267,12.25448304,24.477741,25.079762,22.939665,21.174322,20.66094
587727223545005476,322.42285882,12.25606904,24.657028,22.862206,22.408871,22.435642,21.993416
587727223545005519,322.42712794,12.26493475,20.35095,19.496622,19.227947,19.073866,18.974302
587727223545005520,322.42622148,12.26403817,25.527397,22.330908,21.754883,21.712627,22.109793
587727223545005577,322.43413789,12.26919844,20.729416,19.73295,19.442608,19.277266,19.430717
587727223545005579,322.43480127,12.26672059,21.799484,21.027599,20.691301,20.527939,20.678738
587727223545005580,322.43478907,12.26837288,23.321815,21.815865,21.292233,21.093641,20.62184
587727223545005581,322.43360666,12.26823602,23.737511,22.171877,21.738226,21.62108,21.370361
587727223545005607,322.43788418,12.26490108,21.524155,20.050325,19.382915,19.099625,19.039654
587727223545005608,322.43753863,12.26223562,22.772053,20.201517,19.407059,19.067331,18.835114
587727223545005609,322.43845789,12.26368699,20.80608,20.005754,19.676968,19.516209,19.36314
587727223545005610,322.44001456,12.26409261,21.549728,20.425449,20.091244,19.9783,19.875601
587727223545005613,322.44160348,12.26425858,24.384563,22.061918,21.517422,21.187746,21.654339
587727223545005615,322.44255639,12.26473113,22.756182,22.602079,21.800446,21.753716,21.657717
587727223545005662,322.44176727,12.26900726,21.040625,20.160051,19.808374,19.673891,19.712852
587727223545005663,322.43727814,12.26955623,24.854887,22.28281,21.735008,21.595778,21.227703
587727223545005664,322.44085204,12.26986988,23.140949,22.611891,22.022964,21.569799,21.600948
587727223545005666,322.44235359,12.26976813,25.422562,23.019949,22.006786,21.861984,20.994648
587727223545005668,322.43906841,12.27008129,23.790003,22.942291,22.404985,22.037214,22.124933
587727223545005764,322.45075348,12.26845276,25.315042,23.987091,22.581944,23.470678,22.032249
587727223545005786,322.45529693,12.27424828,21.719347,20.060587,19.070108,18.645504,18.373798
587727223545005787,322.45554291,12.27228507,21.396299,20.413353,20.003813,19.782137,19.697792
587727223545005788,322.45581361,12.27364914,22.184839,21.006264,20.754221,20.59404,20.779919
587727223545005790,322.45223891,12.27284865,23.520512,21.890776,21.466818,21.111452,20.700842
587727223545005791,322.45358226,12.2727125,23.643431,22.19203,21.757736,21.41802,20.77212
587727223545005793,322.4529933,12.27364848,25.882055,23.148438,22.317169,22.023653,22.258308
587727223545005797,322.46434172,12.28118086,20.299137,19.21364,18.893112,18.843134,18.589876
587727223545005799,322.45791987,12.27961332,20.984463,20.226303,19.936954,19.808382,19.70314
587727223545005801,322.45776855,12.27809535,21.630966,20.744158,20.317472,20.264812,20.526073
587727223545005803,322.46204563,12.28053034,22.122999,21.00304,20.610592,20.398039,20.439737
587727223545005806,322.46296836,12.27985422,22.660818,21.608692,21.234819,20.921667,20.971554
587727223545005807,322.45618931,12.27711873,23.545259,22.410357,21.710398,21.604671,21.301706
587727223545005811,322.46386292,12.27958806,24.453459,23.274334,22.509268,22.414192,22.745853
587727223545005828,322.45893048,12.27204065,20.744522,19.735327,19.395298,19.217766,19.145927
587727223545005829,322.4578737,12.27225432,23.723988,21.936014,21.466766,21.246796,21.100466
587727223545005831,322.46085395,12.27377215,24.452614,22.246483,21.428463,21.087679,21.086159
587727223545005854,322.46006444,12.27687011,20.305582,19.106705,18.765751,18.623962,18.601622
587727223545005855,322.46334485,12.27712259,22.035753,20.620317,20.278933,20.116831,20.480339
587727223545005856,322.46267928,12.27717369,22.023846,21.49655,21.199806,20.944784,20.696724
587727223545005857,322.46075442,12.27816029,24.063868,21.919184,21.675131,21.113089,21.219419
587727223545005858,322.4610435,12.27759449,23.147644,23.176516,21.991598,21.790823,21.783066
587727223545006552,322.38656049,12.22208984,22.360952,21.136177,20.783224,20.554331,20.448729
587727223545006715,322.40822749,12.24842929,24.086067,21.687269,21.044588,20.751709,20.724813
587727223545006753,322.41224298,12.25436515,23.221596,22.453411,21.942772,21.52339,21.517477
587727223545006776,322.41659054,12.25376536,22.065014,21.782934,21.301901,21.040352,20.758982
587727223545006788,322.41799961,12.2577079,22.713516,21.738146,21.259026,21.018755,21.022854
587727223545006826,322.42477289,12.26151226,25.388035,22.001915,21.433245,21.267515,20.777332
587727223545006827,322.42409776,12.26249914,25.18211,22.491667,22.171721,21.616755,21.887306
587727223545006828,322.42534081,12.26275166,24.459249,23.61573,22.414314,22.230303,22.628378
587727223545006833,322.42565548,12.25528339,22.573917,21.77026,21.39337,21.22308,20.71184
587727223545006854,322.42794944,12.26270943,22.020206,20.973234,20.599819,20.263309,20.150663
587727223545006885,322.43516208,12.26179722,25.425045,23.994463,22.115896,21.383745,20.675762
587727223545006979,322.45044751,12.26998702,25.205139,23.084641,22.624016,22.245073,22.370462
587727223545007079,322.46526957,12.27427093,24.223335,22.537468,22.212914,22.093937,22.898848
587727223545007085,322.46595739,12.27941101,22.443848,21.537107,21.281404,20.97901,21.133501
587727223545007136,322.47428826,12.28331556,22.93346,22.296925,21.580229,21.685951,21.134747
587727223545007137,322.47339089,12.28291458,22.98917,22.9426,22.09104,21.46805,21.456015
587727223545007138,322.47425195,12.27685618,24.313318,23.112999,22.599821,21.939703,22.65472
587727223545007141,322.47296009,12.28024646,24.728991,22.108862,21.625578,21.382839,20.852812
587727223545007142,322.47426275,12.27998143,23.97191,22.823753,21.988739,21.698231,21.145914
587727223545007153,322.47588931,12.2807003,23.658459,22.165995,21.504681,21.194891,21.150881
587727223545007159,322.4778976,12.28030477,22.801262,22.294069,21.86508,21.360851,21.364273
587727223545069576,322.47922547,12.27783495,20.792492,19.824699,19.55497,19.371355,19.383829
587727223545069578,322.48147318,12.27753764,22.774817,21.301517,20.035955,19.457726,19.16379
587727223545069602,322.50208361,12.27731457,18.784187,16.153257,14.840453,14.328361,14.05442
587727223545069613,322.54372872,12.26506016,18.05994,16.800871,16.162933,15.864588,15.686526
587727223545069677,322.4827528,12.28024512,17.402918,16.694136,16.91153,17.094154,17.222898
587727223545069678,322.48273235,12.28123986,25.345274,21.927052,21.549458,21.585781,21.083044
587727223545069858,322.56399552,12.25807015,19.34766,17.657341,17.05566,16.833656,16.715462
587727223545069859,322.56381418,12.25929498,20.994902,19.794744,19.541283,19.414452,19.317816
587727223545069860,322.56366242,12.26123514,21.049948,20.093832,19.851841,19.669333,19.50668
587727223545069861,322.56247759,12.25806545,21.04508,19.984648,19.72665,19.54248,19.591681
587727223545069862,322.56380361,12.26203284,23.076599,22.163363,20.760685,19.34374,18.593409
587727223545069863,322.56115659,12.25910786,21.845268,21.040977,20.711231,20.542477,20.436831
587727223545069864,322.56280451,12.25888797,22.781116,21.752485,21.277483,21.218386,20.71261
587727223545069865,322.56226259,12.25702134,23.018229,23.809582,22.307375,21.550758,20.607616
587727223545069873,322.5682766,12.25691113,18.895187,17.313543,16.678961,16.41658,16.272118
587727223545069874,322.56563577,12.2561665,20.542238,19.672556,19.425869,19.477495,19.099472
587727223545069875,322.56967419,12.25456197,21.128765,20.104635,19.764622,19.548002,19.457235
587727223545069876,322.57043278,12.25381676,21.544466,20.670225,20.34635,20.121695,19.903677
587727223545069877,322.57088368,12.25609825,22.379631,20.991032,20.597132,20.35907,20.512281
587727223545069881,322.56884855,12.25553911,23.455748,21.371832,21.126537,20.860659,21.002888
587727223545069882,322.5698226,12.2564078,22.910522,21.394047,20.933571,20.95355,20.649345
587727223545069883,322.56560183,12.25387891,22.929588,21.534332,21.314472,20.985176,20.745136
587727223545069884,322.5703306,12.25612182,23.437231,22.041487,21.694008,21.580151,21.283625
587727223545069885,322.5671539,12.2528866,24.62789,23.797489,21.830767,20.922548,20.630159
587727223545069886,322.56668624,12.25298516,24.110271,21.800865,21.470331,21.166958,21.4776
587727223545069887,322.57038311,12.25293238,24.877085,23.946381,22.131842,21.024242,20.326908
587727223545069888,322.56669816,12.25416971,24.657623,22.556604,22.13065,21.60211,21.332731
587727223545069890,322.56463851,12.25425716,23.017202,22.806799,22.515062,22.232887,21.561291
587727223545069891,322.56394119,12.25220839,25.671282,23.436449,22.30031,22.126707,21.22016
587727223545070266,322.47803862,12.28326763,20.860964,19.836197,19.533113,19.371332,19.242338
587727223545070313,322.48907997,12.27649941,19.982523,18.849628,18.413763,18.197575,18.082466
587727223545070316,322.48954925,12.27747134,25.207001,24.566515,22.802397,21.281046,20.344923
587727223545070327,322.49341672,12.28185334,20.960306,20.020611,19.732651,19.614223,19.640797
587727223545070328,322.48981627,12.28247769,21.665455,20.494148,20.188078,20.095572,20.284309
587727223545070329,322.49073527,12.28055831,21.575037,21.162626,20.773006,20.698708,20.389641
587727223545070331,322.49260658,12.28045347,22.75362,21.848763,21.390274,21.088924,21.042974
587727223545070332,322.48863061,12.28376018,22.758675,22.223705,21.729536,21.485767,21.193886
587727223545070333,322.48962038,12.28052006,23.862579,22.410494,21.78039,22.021549,22.237467
587727223545070334,322.48918948,12.28067402,24.394125,23.388683,22.520954,21.935961,22.162868
587727223545070335,322.49079821,12.28184531,24.58161,23.515638,22.159212,22.172791,21.707026
587727223545070336,322.48867152,12.28265647,23.756893,23.073986,22.679497,22.489935,23.068367
587727223545070346,322.49358754,12.27641255,21.810331,20.818851,20.399014,20.197613,20.235941
587727223545070347,322.49280879,12.27649659,24.537476,23.038313,22.211405,22.195183,22.735184
587727223545070360,322.49614086,12.27641849,20.4132,19.308546,18.953485,18.796568,18.783756
587727223545070462,322.50903893,12.28357928,23.470573,21.823036,21.420523,21.106073,20.927433
587727223545070463,322.50833059,12.2824318,22.571146,22.456202,21.659388,21.623167,21.502579
587727223545070705,322.55325261,12.25929272,22.768488,21.495062,21.057463,21.026165,20.444014
587727223545070734,322.55488831,12.26755525,23.94706,21.124718,19.832058,18.328957,17.443184
587727223545070735,322.55644956,12.26528319,21.099716,19.961508,19.750416,19.643797,19.429163
587727223545070737,322.55417879,12.266368,22.189186,21.191086,20.723192,20.468246,20.309883
587727223545070738,322.55337444,12.26648563,22.189638,21.519342,21.39539,21.091307,21.431662
587727223545070739,322.55417756,12.26512342,23.358898,21.444075,21.176245,21.055386,21.23988
587727223545070740,322.55533389,12.26613886,22.427023,21.30076,20.929768,20.851479,20.370773
587727223545070741,322.55199729,12.26579705,25.639174,22.21336,21.73737,22.022696,21.770468
587727223545070743,322.55385443,12.26870751,24.84137,23.393608,22.498158,22.413939,23.095375
587727223545070746,322.55547523,12.26216218,20.471136,19.516802,19.20001,19.101587,19.130659
587727223545070779,322.55872181,12.26314825,21.538813,20.678194,20.332634,20.146408,19.856733
587727223545070812,322.560418,12.26419012,23.85601,22.725483,22.059748,21.878307,22.004654
587727223545070843,322.56600575,12.26075116,21.592684,20.489799,20.078096,19.952774,19.913034
587727223545071323,322.48684877,12.28043548,21.720453,20.940811,20.533655,20.346807,20.122663
587727223545071324,322.48565488,12.28029264,22.670801,21.677628,21.409658,21.105232,21.170837
587727223545071348,322.51046107,12.28202334,22.08909,21.115995,20.824692,20.633863,20.995171
587727223545071351,322.51315245,12.2778408,22.042963,21.087017,20.696932,20.460257,20.981663
587727223545071352,322.51404299,12.27866663,22.588263,21.443884,20.718206,20.499966,20.288164
587727223545071490,322.48001657,12.28014367,24.742121,22.880754,21.956924,22.20739,21.450111
587727223545071521,322.48557164,12.28321271,22.801241,21.566025,21.047668,20.88946,20.635157
587727223545071576,322.49466385,12.27765907,25.918686,22.846058,22.214798,21.881329,21.750771
587727223545071579,322.49266242,12.28483371,23.154942,21.562061,21.151304,20.960711,20.770422
587727223545071581,322.4946942,12.28002982,23.631027,22.864241,22.37936,21.788101,23.345568
587727223545071584,322.49513716,12.28369062,22.219969,21.672239,21.022394,20.930761,21.050323
587727223545071615,322.49857861,12.28467088,24.96743,23.006874,22.547525,22.166368,22.704519
587727223545071628,322.50158395,12.28187941,22.827578,21.49213,21.02494,20.696991,20.593325
587727223545071631,322.50165648,12.28449306,22.68413,21.11854,20.739981,20.654156,20.644529
587727223545071635,322.50337917,12.28034044,23.33404,22.778072,22.069889,21.954067,22.036356
587727223545071679,322.5134186,12.2811621,23.123344,21.503794,21.180971,20.945786,20.979774
587727223545071680,322.51285903,12.28024797,24.509949,22.524742,21.87314,21.874008,20.935352
587727223545071681,322.5143156,12.28197397,22.764231,22.991724,22.026947,22.189276,21.816626
587727223545071691,322.5154914,12.27992806,24.539434,22.680599,22.233099,22.229174,21.900251
587727223545071906,322.55276045,12.26392613,23.096128,21.412382,21.052792,21.119869,21.068039
587727223545071915,322.5553599,12.25943788,25.129662,21.694574,21.174829,20.977831,20.859514
587727223545071926,322.55742882,12.26039936,24.639509,21.370045,20.806322,20.597389,20.640221
587727223545072493,322.48106502,12.28151114,24.679008,23.274601,22.196007,22.299208,22.370726
587727223545072506,322.4917284,12.27829319,24.051512,23.329046,22.242466,21.714861,21.218498
587727223545072507,322.49176369,12.28280291,25.099487,24.199354,22.395321,21.371754,20.67786
587727223008133557,322.4945242,12.00931769,22.044893,20.969307,20.396626,20.203724,19.997816
587727223008133561,322.49389654,12.01049403,23.894793,23.267702,22.445757,21.698238,22.412043
587727223008133974,322.45626133,12.01270175,20.734671,19.855957,19.516176,19.39723,19.359785
587727223008133990,322.45743014,12.01472666,24.142603,20.231892,18.833881,18.112156,17.725105
587727223008134017,322.46159692,12.01364957,21.84701,20.932703,20.492451,20.300276,20.032948
587727223008134036,322.4673244,12.01062279,20.145496,19.130833,18.806416,18.643335,18.533142
587727223008134037,322.46586506,12.01223121,22.379301,20.932095,20.466103,20.319847,20.30232
587727223008134038,322.46473505,12.0115883,22.271885,21.190599,20.735609,20.565834,20.491091
587727223008134040,322.46647896,12.01154729,24.423473,22.146269,21.371244,21.300808,20.475506
587727223008134049,322.47262763,12.00994273,20.748999,19.900072,19.557438,19.441385,19.393774
587727223008134063,322.4757703,12.01053661,21.825323,20.84621,20.41201,20.315536,20.449364
587727223008134087,322.47976943,12.00992148,21.383057,20.591753,20.183033,20.018673,20.064117
587727223008134157,322.49613165,12.01061153,21.006262,19.499538,18.925623,18.700834,18.645897
587727223008134257,322.51338294,12.00973853,23.750874,22.462835,21.945656,21.399153,20.710228
587727223008134286,322.5189587,12.01169847,21.591707,20.674942,20.189259,20.001787,19.920795
587727223008134287,322.5213432,12.01105095,25.508423,24.86348,24.258631,21.720175,21.725416
587727223008134288,322.5203205,12.01141647,23.202957,23.286697,22.409367,22.094246,22.481085
587727223008134318,322.52213147,12.01301509,21.439064,20.652021,20.312002,20.045826,20.086792
587727223008134909,322.4424703,12.01623979,24.497137,22.818142,22.176291,21.989132,21.763849
587727223008134953,322.45407618,12.01476371,22.549763,21.143919,20.619673,20.394363,20.493044
587727223008135036,322.4700083,12.01075144,24.675739,22.800758,22.299353,21.820972,21.891167
587727223008135204,322.50560317,12.01044845,24.434235,22.849291,22.033552,22.109518,21.712282
587727223008135228,322.51162579,12.01169709,22.620514,21.938225,21.361254,21.140001,21.513048
587727223008135512,322.47302326,12.01214844,23.565517,23.644161,22.218578,21.778507,21.488323
587727223008199229,322.52949083,12.01419429,21.528849,20.814344,20.372068,20.25909,20.379324
587727223008199230,322.52837395,12.01411734,23.219097,22.05921,21.430983,21.265249,20.908672
587727223008199284,322.54260083,12.01778204,22.81805,19.940849,18.768532,18.312536,18.011606
587727223008199285,322.54106303,12.0178349,24.74696,21.49795,20.284498,19.83069,19.647015
587727223008199286,322.54194168,12.017146,22.655388,21.290247,21.05056,20.609388,20.052649
587727223008199347,322.55487866,12.02106814,22.102955,21.247005,20.781555,20.575502,20.351072
587727223008199363,322.55875122,12.02285798,21.700399,20.804317,20.423521,20.242693,20.169573
587727223008199441,322.571674,12.02932037,21.667067,20.78372,20.391445,20.257444,20.237463
587727223008199442,322.57042311,12.02952785,23.099339,22.089884,21.550482,21.161587,21.088821
587727223008200013,322.5781332,12.03377583,23.236069,21.84351,21.277422,21.125082,21.42193
587727223008200110,322.53272527,12.01331505,24.551706,23.181143,22.39559,22.427839,22.208399
587727223008200176,322.54645936,12.01929329,23.341093,22.974455,21.72838,21.704376,21.140152
587727223008200196,322.5496348,12.01995513,24.294527,23.240229,22.265726,22.084373,21.519127
587727223008200309,322.56591061,12.02579354,22.838055,21.636829,21.171225,20.957945,21.006317
587727223008200335,322.57068658,12.02771949,23.724926,22.51778,21.818739,21.490088,21.406996
587727223008200391,322.58244408,12.03577638,23.072069,21.709185,21.040474,20.96921,21.388432
587727223008200911,322.58830673,12.04056457,23.5756,24.176157,22.613724,23.286781,21.838409
587727223008201106,322.53161022,12.01523556,24.842686,23.519537,22.970976,22.122114,23.513056
587727223545004077,322.34518223,12.22977205,21.99497,21.183184,20.693878,20.651844,20.413696
587727223545004078,322.34381016,12.22641319,22.040018,21.371155,20.912825,20.731253,20.624014
587727223545004080,322.34339275,12.22857139,23.24118,21.665604,21.251448,20.875164,20.831163
587727223545004082,322.34618181,12.22913485,23.114773,22.588827,21.73068,21.614845,21.841576
587727223545004159,322.3578071,12.25397161,16.089691,14.590847,14.073751,14.286012,13.850581
587727223545004212,322.38076113,12.22158461,19.78014,18.397453,17.887053,17.639259,17.555891
587727223545004213,322.38004413,12.22299744,19.661448,18.589531,18.186899,17.966511,17.868162
587727223545004214,322.37854773,12.22010993,22.795042,22.115398,21.425619,21.23913,20.908125
587727223545004225,322.37601073,12.27477626,22.948969,22.185724,21.498728,21.342241,21.660746
587727223545004226,322.37623305,12.27421478,23.799698,22.484142,21.642105,21.537849,21.295113
587727223545004244,322.37834644,12.27878005,23.050781,21.818708,21.275297,21.186911,21.15589
587727223545004268,322.3902642,12.24280018,19.415102,18.093004,17.555897,17.342102,17.223383
587727223545004272,322.39079075,12.24224818,21.10355,20.328947,20.082352,20.154028,19.817188
587727223545004286,322.39063036,12.23186305,15.491305,15.483399,15.215992,12.679793,13.267556
587727223545004289,322.39066307,12.23935846,20.248739,19.111347,19.043434,18.981693,19.048576
587727223545004292,322.39349958,12.23944298,20.82382,19.951542,19.674911,19.557966,19.427299
587727223545004293,322.39048353,12.23601227,21.982477,20.328669,19.711723,19.502439,19.168753
587727223545004303,322.38897849,12.23780438,22.402548,21.451641,20.897928,20.715141,20.797337
587727223545004309,322.39408425,12.23883004,23.401335,23.451464,22.0924,20.991684,20.337215
587727223545004312,322.38288128,12.28110757,17.598391,17.142515,17.398283,17.609167,17.793751
587727223545004313,322.38203878,12.28023078,22.318913,20.218241,18.806316,18.09119,17.673229
587727223545004314,322.38190442,12.28110725,24.501701,21.093513,19.843618,19.250912,18.836678
587727223545004338,322.39652492,12.2443123,16.309027,14.416924,13.39979,13.249067,13.174654
587727223545004340,322.40277705,12.24827269,20.429502,19.496042,19.231487,19.087795,19.1506
587727223545004343,322.39886834,12.25023453,21.004805,20.0086,19.682255,19.514902,19.409435
587727223545004347,322.40034051,12.25210498,21.617973,20.555042,20.215017,20.141682,20.072819
587727223545004349,322.40290762,12.2469316,21.524944,20.640398,20.258533,20.068096,19.922169
587727223545004352,322.4004952,12.24703912,22.519323,21.037283,20.615461,20.489721,19.949076
587727223545004356,322.40033902,12.25095329,22.268805,21.056414,20.74581,20.470083,20.672554
587727223545004357,322.40398079,12.24825371,23.0758,21.381685,21.008272,20.906061,20.360023
587727223545004359,322.40094087,12.25235871,22.477247,21.762222,21.103542,21.105246,20.876291
587727223545004361,322.40041093,12.24616444,22.956129,21.655001,21.265364,21.058462,21.129993
587727223545004365,322.39122248,12.28789946,19.571491,17.250273,16.314495,15.991259,15.836117
587727223545004366,322.39102246,12.28718991,24.488571,21.94451,20.349876,19.42856,18.055456
587727223545004367,322.38921197,12.28739028,23.477295,22.812038,22.082441,21.667379,21.192738
587727223545004422,322.40878364,12.26252857,20.088715,17.576286,16.497499,16.089865,15.880134
587727223545004423,322.40602473,12.25930424,22.4182,20.312426,18.703674,17.592688,17.013351
587727223545004425,322.40468496,12.25503655,20.570347,19.563616,19.222843,19.059311,19.017801
587727223545004426,322.40721282,12.25344008,20.443661,19.403053,19.151148,18.961355,18.940277
587727223545004427,322.40673669,12.25318091,20.923946,19.94113,19.572163,19.443848,19.409138
587727223545004428,322.40720214,12.25432662,21.648153,20.286957,19.932091,19.726318,19.806564
587727223545004430,322.40597633,12.25500332,21.778786,20.488459,20.063824,19.969551,19.875525
587727223545004431,322.40549816,12.25797928,21.572416,20.90871,20.507851,20.37891,20.095995
587727223545004435,322.40947904,12.26046485,22.223051,21.47319,20.870134,20.598305,21.023977
587727223545004437,322.40268595,12.25454278,24.314604,22.155424,21.525772,21.364059,21.250715
587727223545004439,322.40238639,12.2554736,25.949179,22.259594,21.806734,21.557495,21.710548
587727223545004440,322.4032423,12.25477041,23.936911,23.812609,22.145525,21.526161,21.584169
587727223545004477,322.41683272,12.26669208,17.253563,15.7935,15.11564,14.798903,14.630848
587727223545004478,322.41716861,12.26290518,20.115881,19.09836,18.776144,18.626305,18.591881
587727223545004479,322.41869358,12.26300734,20.80645,19.666466,19.407356,19.275532,19.170389
587727223545004480,322.42103695,12.2632866,21.153482,20.278923,19.975651,19.798183,19.853432
587727223545004481,322.41723535,12.2612271,21.535486,20.407583,19.988184,19.926947,19.79648
587727223545004482,322.41440695,12.26326693,21.829544,20.975718,20.56362,20.282688,20.23942
587727223545004483,322.41834385,12.25998803,22.716318,21.148506,20.779001,20.714323,20.538771
587727223545004485,322.41924435,12.26676598,25.335302,24.012562,21.949373,20.467703,20.003487
587727223545004486,322.41794462,12.26470816,22.612761,21.949461,21.513067,21.416403,21.215622
587727223545004487,322.41952253,12.26831431,22.615551,22.324865,21.717031,21.628124,21.482649
587727223545004489,322.41543849,12.26404649,23.633615,22.555954,21.748074,21.802309,21.641518
587727223545004490,322.42161639,12.26245692,24.90592,23.252836,22.312874,22.919333,21.489609
587727223545004491,322.41982256,12.26294017,25.492054,22.945633,22.446531,21.952673,21.969179
587727223545004509,322.41430648,12.30580308,17.464422,16.087105,15.44828,15.155818,14.997636
587727223545004520,322.42269186,12.27003954,18.80044,17.667885,17.131956,16.886862,16.74192
587727223545004522,322.42270632,12.27112063,23.695572,21.911581,21.788467,21.260157,20.896715
587727223545004523,322.42211227,12.27128126,25.510283,22.556351,21.864258,21.805962,21.376011
587727223545004524,322.42418955,12.2687678,23.082354,22.368357,21.911448,21.46796,21.755867
587727223545004525,322.42341455,12.26831654,23.983047,22.782139,22.241573,21.937868,21.255972
587727223545004542,322.42938298,12.2701487,18.473848,17.231794,16.659622,16.385324,16.234346
587727223545004543,322.42784207,12.27199602,21.243532,20.331535,19.978125,19.772617,19.661268
587727223545004544,322.42882057,12.2728203,21.619669,20.553366,20.231949,20.066269,19.940653
587727223545004545,322.43063526,12.27047454,21.702837,20.860672,20.489218,20.374521,19.946072
587727223545004546,322.42931586,12.26885104,22.512585,21.517616,21.262886,20.811522,20.649117
587727223545004547,322.42682858,12.27285961,25.36013,22.330023,21.677958,21.466269,21.481756
587727223545004548,322.4294259,12.27374868,25.824305,22.544205,22.038143,21.439371,21.125767
587727223545004549,322.4276504,12.27314219,23.713337,22.688379,22.39175,21.926342,22.0448
587727223545004611,322.4415687,12.27867968,19.520811,17.233606,16.263952,15.912569,15.738035
587727223545004612,322.44054725,12.27471897,19.236673,17.854525,17.313667,17.103476,16.973759
587727223545004614,322.44584283,12.2782813,20.735737,19.605772,19.302481,19.144518,19.035641
587727223545004615,322.4474371,12.27725416,20.747288,19.737778,19.429497,19.238529,19.165977
587727223545004617,322.43790777,12.27903703,21.058142,20.050978,19.692162,19.623758,19.495609
587727223545004619,322.4357596,12.27509302,20.994659,20.152725,19.766476,19.666227,19.610512
587727223545004620,322.44256491,12.27538565,24.121126,21.602873,20.153883,19.300232,18.85503
587727223545004621,322.43658673,12.27686435,20.920479,20.126076,19.82674,19.732355,19.601332
587727223545004622,322.43800417,12.27652919,21.24115,20.249033,19.909258,19.699125,19.799971
587727223545004624,322.44114659,12.27597873,21.998077,20.388454,20.044207,19.914669,19.879236
587727223545004626,322.44829701,12.27818057,21.907093,20.668056,20.241613,20.116205,20.12422
587727223545004627,322.44020962,12.27355099,21.466293,20.726549,20.359127,20.146494,20.152578
587727223545004628,322.44598102,12.27729512,21.6786,20.668365,20.328613,20.148104,20.194408
587727223545004630,322.43442321,12.27483522,21.543306,20.713438,20.361799,20.097858,20.049252
587727223545004631,322.43892062,12.27271325,21.813707,20.959805,20.524559,20.324329,20.45739
587727223545004632,322.44515575,12.27656095,22.145821,20.887453,20.566458,20.35108,20.465397
587727223545004634,322.44994308,12.27764338,22.076199,21.144268,20.683838,20.494417,20.359421
587727223545004777,322.47424002,12.28948255,21.193811,20.119976,19.800289,19.680464,19.526012
587727223545004782,322.47243621,12.29071061,22.767195,21.724152,20.975779,20.807491,20.592899
587727223545004785,322.47621868,12.29003176,23.148317,22.040468,21.374317,21.04261,22.775913
587727223545004875,322.3383979,12.21288939,21.583662,20.599499,20.217798,20.058456,19.913254
587727223545004876,322.34014504,12.21594667,22.777485,21.351704,20.916309,20.796412,20.92951
587727223545004965,322.35004727,12.23726442,24.330124,24.145826,22.975292,21.842691,23.533346
587727223545005133,322.37627674,12.22011923,23.404922,21.859596,21.374689,21.008593,21.417486
587727223545005182,322.38102316,12.22661334,20.592239,19.631874,19.346378,19.197798,19.12764
587727223545005183,322.38470905,12.2259841,21.048847,20.156763,19.843889,19.65638,19.628483
587727223545005184,322.38426256,12.22543865,21.622297,20.421297,20.223806,19.923155,19.975222
587727223545005185,322.38248781,12.22583152,22.054995,21.20779,20.785694,20.664497,20.265404
587727223545005186,322.3871697,12.22645479,23.962774,21.840864,21.257463,20.98963,21.528709
587727223545005187,322.38486406,12.22743469,23.616444,21.941109,21.431915,21.340235,21.11623
587727223545005188,322.38573256,12.22574989,23.028378,23.480629,22.462128,22.30455,21.491871
587727223545005190,322.38493155,12.2295969,19.944218,18.94066,18.654722,18.486324,18.440647
587727223545005192,322.38272451,12.22984101,21.497967,20.320465,20.030798,19.904602,19.650129
587727223545005193,322.38210572,12.2308565,23.027943,22.71179,21.534451,20.492903,20.034008
587727223545005195,322.38151397,12.22885678,23.727383,22.712044,22.159809,21.815895,21.756134
587727223545005244,322.38915379,12.22790228,20.819326,19.85639,19.600351,19.447002,19.474539
587727223545005384,322.39636808,12.29418662,24.204901,20.935474,20.221575,20.054497,20.144108
587727223545005402,322.4021181,12.29636597,20.110411,19.074696,18.750961,18.591511,18.555542
587727223545005403,322.40297508,12.29771379,21.736412,21.110085,20.699644,20.571171,20.427536
587727223545005439,322.40644234,12.29956735,22.65867,21.026426,20.365063,20.110891,19.887445
587727223545005491,322.42230779,12.26687584,20.320845,19.362764,19.08651,18.979935,18.819902
587727223545005521,322.42559058,12.26606373,24.824825,23.899334,22.554888,21.765837,21.636549
587727223545005549,322.42043338,12.30836489,22.263109,20.956446,20.570009,20.411451,20.298374
587727223545005578,322.4335612,12.27110113,20.824677,19.82262,19.488764,19.345198,19.241968
587727223545005591,322.43381666,12.27877823,21.827318,20.805819,20.405148,20.276518,20.223391
587727223545005592,322.43435767,12.27847521,24.179808,21.83086,21.194023,21.296181,21.525951
587727223545005710,322.4443121,12.28387862,20.508759,19.489622,19.172754,19.06185,18.963821
587727223545005711,322.44421712,12.28229414,20.864496,19.956285,19.585253,19.505861,19.519239
587727223545005712,322.44359796,12.28162495,22.378176,21.863516,21.078024,21.0056,21.476051
587727223545005713,322.44246043,12.28144529,22.659636,21.538691,21.131914,20.783228,20.467848
587727223545005714,322.44178283,12.28170172,24.20048,23.288305,23.49448,22.925007,21.92293
587727223545005765,322.44376048,12.31750792,21.699905,20.551678,20.140083,20.010393,19.816767
587727223545005777,322.45107185,12.28235923,20.69376,19.810326,19.512341,19.341536,19.449432
587727223545005795,322.45390865,12.28439235,23.121199,20.624655,19.632467,19.236156,18.9648
587727223545005798,322.46403879,12.28202284,20.567394,19.500736,19.240885,19.031242,19.064213
587727223545005800,322.45849518,12.28071055,21.588072,20.460846,20.169598,20.085581,19.883413
587727223545005802,322.45456283,12.28212223,22.119211,20.961317,20.472548,20.345234,20.239128
587727223545005804,322.4599766,12.28067483,22.058292,21.187702,20.892202,20.564999,20.883278
587727223545005805,322.45671039,12.28118278,22.357706,21.409763,20.877962,20.873911,21.098438
587727223545005808,322.45563494,12.28107063,25.712072,22.562866,21.721916,21.421886,22.113123
587727223545005809,322.46541288,12.28173294,23.503759,22.644381,22.026289,21.760069,21.659208
587727223545005810,322.45776945,12.28169611,23.744787,23.198114,22.309088,22.311136,22.169882
587727223545005821,322.44922986,12.31904314,20.227713,19.153221,18.847767,18.722179,18.705528
587727223545005834,322.45698276,12.28542851,21.631081,20.459705,20.10957,19.969341,19.943842
587727223545005835,322.45825199,12.28537722,24.192591,21.993256,21.414118,21.209768,21.031664
587727223545005863,322.46068772,12.28270785,20.310902,19.37265,19.092283,18.918947,18.806623
587727223545005864,322.45978652,12.28347598,21.586124,20.605179,20.347858,20.118656,20.386421
587727223545005865,322.4594187,12.28402225,22.61771,21.241808,20.906946,20.721127,20.613577
587727223545005893,322.46344176,12.28884692,21.683058,20.663708,20.199711,19.9678,19.953218
587727223545005895,322.46240821,12.28669486,23.350323,21.242575,19.814407,18.772739,18.256519
587727223545005896,322.46465326,12.28629263,20.608696,19.670975,19.340635,19.23925,19.193237
587727223545005897,322.46475842,12.28526502,21.380106,20.284231,19.926273,19.786121,19.581575
587727223545005898,322.46581735,12.28569024,24.759773,22.892464,22.833002,22.219456,21.018908
587727223545005926,322.46936665,12.2903415,21.972572,20.608704,20.280794,20.19372,20.25194
587727223545005927,322.46916768,12.29089077,21.678267,20.568932,20.237444,20.051771,20.157881
587727223545005928,322.46840652,12.28810654,22.147465,21.376461,20.964249,20.710562,20.807987
587727223545005930,322.4679215,12.28906938,25.628557,22.75742,22.087168,21.788485,21.777529
587727223545006034,322.40838049,12.25597853,24.356737,21.782803,20.337851,19.331764,18.770542
587727223545006036,322.40989963,12.25707386,23.269793,22.115458,21.829988,21.626207,21.287539
587727223545006150,322.38627771,12.23501646,22.096588,21.369083,21.010366,20.793638,20.671553
587727223545006151,322.38705756,12.23593899,25.533138,23.896708,22.406322,20.722292,19.977421
587727223545006310,322.34401785,12.22335026,24.54303,21.439053,21.068106,20.736561,20.907675
587727223545006373,322.35286522,12.24460302,22.190039,21.262476,20.863916,20.89205,20.426846
587727223545006374,322.35324929,12.2429438,23.092926,21.50189,21.00547,20.89757,21.065565
587727223545006376,322.35125128,12.24386593,24.907585,22.88961,22.01203,22.043762,21.871929
587727223545006414,322.35525191,12.25070074,22.435713,21.95048,21.474098,21.298058,20.751242
587727223545006477,322.36567271,12.26254902,22.64027,22.069403,21.481031,21.25272,21.109598
587727223545006549,322.38503717,12.23232302,22.799721,22.050297,22.066132,21.686441,22.178719
587727223545006550,322.3846172,12.23211275,23.370888,22.21645,21.820473,21.696321,20.919127
587727223545006648,322.38887484,12.28537546,22.742529,21.348166,20.776737,20.48428,20.193043
587727223545006662,322.39185239,12.29083383,25.708431,22.340652,21.645374,21.508339,21.325615
587727223545006709,322.40683053,12.2508503,23.253366,21.405315,21.143049,20.983028,20.872206
587727223545006713,322.39937858,12.29433295,22.301344,22.009691,21.288382,21.160814,20.751051
587727223545006736,322.41023594,12.25416466,23.742908,21.393101,20.592211,19.996439,19.641842
587727223545006737,322.41035361,12.25331766,22.997065,21.879168,21.289862,21.000971,20.714712
587727223545006746,322.41103373,12.26167724,22.15575,21.260139,20.842863,20.607967,20.457191
587727223545006752,322.41274716,12.25586297,23.01795,21.630753,21.069265,20.902557,20.721327
587727223545006767,322.41395444,12.26596922,23.085838,21.850536,21.386942,21.175997,20.503143
587727223545006770,322.41477436,12.25960973,25.833622,21.955019,21.359671,21.215246,20.726166
587727223545006771,322.41532688,12.25904558,23.975939,22.46381,22.041597,21.490303,21.289341
587727223545006892,322.42670833,12.30893841,25.123009,23.087605,22.274349,22.508104,21.564287
587727223545006914,322.43610871,12.27952486,25.570417,22.565197,22.013414,21.531693,21.530962
587727223545006927,322.43367682,12.31244471,25.890041,22.31254,21.834682,21.711018,21.24872
587727223545006970,322.44840138,12.28355144,24.182173,21.812576,21.085821,20.950356,20.871927
587727223545006971,322.44639793,12.28062403,25.558611,22.839712,22.027584,21.461439,22.354895
587727223545006972,322.44616196,12.28138591,26.015902,22.666681,22.115038,21.967834,20.70694
587727223545006973,322.44750232,12.28180054,23.549768,22.90593,22.242828,22.148422,23.304262
587727223545006974,322.44734456,12.2826176,24.580397,23.22204,22.335159,21.790131,21.083235
587727223545006975,322.44144845,12.31620433,23.259476,21.648254,21.080824,21.052906,20.920561
587727223545006980,322.44866375,12.28029618,24.583864,22.711775,22.243425,22.013281,21.597919
587727223545006990,322.4514615,12.27943379,22.551485,21.856611,21.443626,21.111683,20.949549
587727223545006991,322.45204724,12.28067841,25.82832,23.145578,22.555799,21.785849,22.22233
587727223545007010,322.45423939,12.27864916,22.502579,21.755045,21.145866,21.167971,20.911236
587727223545007111,322.46935096,12.28364297,23.767527,22.682077,22.143915,21.818422,21.666634
587727223545007125,322.46399014,12.32125433,23.841185,22.70125,22.140127,21.425144,21.444712
587727223545007134,322.47268842,12.28447027,23.407831,21.585754,21.147846,20.979185,21.095533
587727223545007135,322.47270281,12.28523503,22.553761,21.757971,21.352493,21.003387,20.799412
587727223545007143,322.46680402,12.32275001,23.314993,21.921366,21.411522,21.381544,20.696398
587727223545007152,322.47495156,12.2850191,24.298462,22.459894,21.973171,21.728363,21.457054
587727223545007154,322.47469798,12.28741695,23.302271,21.872116,21.297825,21.069653,21.172829
587727223545007160,322.47015291,12.32255003,26.658512,22.400778,21.916801,21.624477,21.420107
587727223545007194,322.34210123,12.22053202,25.616449,25.032003,22.614107,21.539566,21.264788
587727223545007214,322.35286502,12.24714478,25.308437,23.264931,22.500013,22.701235,22.60273
587727223545007355,322.45916453,12.2869007,23.018389,23.215,22.108959,22.166544,21.062551
587727223545069615,322.5513127,12.27595439,18.168924,16.889719,16.291933,16.0264,15.837857
587727223545069622,322.55486261,12.2751581,19.231754,17.376173,16.641504,16.368675,16.20125
587727223545069632,322.47760697,12.2884812,22.167797,20.180016,19.344557,18.917213,18.756636
587727223545069634,322.477937,12.29003355,21.491175,20.362144,20.028793,19.891132,19.918171
587727223545069635,322.47981132,12.29163777,23.325964,21.063454,20.683346,20.410332,20.275377
587727223545069639,322.48117449,12.29150028,23.032003,21.952215,21.253767,21.028994,21.280775
587727223545069641,322.47955034,12.28880716,26.003988,24.487457,21.929232,21.148014,21.428175
587727223545069646,322.47832615,12.29156809,24.785141,23.182882,22.705511,21.560331,21.912825
587727223545069687,322.49475584,12.2913342,16.926132,15.218717,14.584059,14.37976,14.292306
587727223545069688,322.50076363,12.28725031,23.340963,19.262625,17.735922,16.345749,15.6129
587727223545069689,322.5037973,12.28728969,22.742373,19.569229,18.158087,17.457249,17.037483
587727223545069690,322.50468764,12.28625227,20.031134,18.962315,18.620991,18.460697,18.358406
587727223545069691,322.49725008,12.29236441,20.454603,19.437235,19.15444,19.016953,18.97044
587727223545069692,322.49924718,12.28851342,20.319242,19.306883,18.962313,18.783455,18.687864
587727223545069693,322.49877378,12.29273621,20.84041,19.787151,19.46242,19.317427,19.268261
587727223545069694,322.49502087,12.29270127,20.953142,19.986713,19.601992,19.479523,19.29751
587727223545069696,322.50313615,12.29032933,21.024239,20.140873,19.827194,19.646431,19.541
587727223545069697,322.49570514,12.2879781,21.562433,20.422329,20.066929,19.932625,19.766626
587727223545069699,322.50305511,12.28849595,22.22764,20.93491,20.622938,20.457073,20.453667
587727223545069700,322.49578882,12.28684585,22.134516,20.958923,20.630163,20.475044,20.333834
587727223545069702,322.49329957,12.29081165,22.200251,21.472168,21.286516,20.692535,21.020998
587727223545069703,322.49991075,12.29176986,23.314323,21.402092,20.920639,20.745852,20.634949
587727223545069704,322.50118793,12.29059793,22.638884,21.599169,21.002747,20.679092,20.55217
587727223545069705,322.50180983,12.28704743,22.99242,21.705893,21.340416,21.598074,20.992123
587727223545069706,322.49364799,12.29002529,24.425962,21.910894,21.81778,21.16712,21.565432
587727223545069707,322.50546267,12.28691826,24.100218,22.332891,21.768932,21.232834,21.848917
587727223545069708,322.50256099,12.28767126,22.900412,22.18092,21.654633,21.421551,21.059113
587727223545069709,322.49647029,12.28715384,25.416864,23.256403,21.519962,21.396156,21.613947
587727223545069710,322.49779836,12.28737809,24.691681,22.787073,22.029848,21.465288,21.719482
587727223545069744,322.49597219,12.32477869,20.495266,18.326927,17.406601,17.080366,16.894356
587727223545069762,322.50267516,12.32498519,18.082888,17.136877,16.787621,16.640179,16.594923
587727223545069763,322.50009197,12.32453124,20.657721,19.616043,19.322914,19.18149,19.084322
587727223545069764,322.50115637,12.32415725,24.641088,24.263998,22.729298,20.989851,20.070724
587727223545069765,322.49886936,12.32396348,25.279646,23.612959,21.476688,21.132456,20.871857
587727223545069925,322.5734824,12.25676998,19.49098,17.713917,16.997782,16.689873,16.526318
587727223545069926,322.57903804,12.25506087,18.849354,17.584784,17.029093,16.745514,16.57933
587727223545069927,322.57604526,12.25546219,23.344879,19.894777,18.46102,17.705013,17.332527
587727223545069928,322.57452102,12.25562343,20.273939,19.341486,19.060757,18.886332,18.841238
587727223545069929,322.57991878,12.25576888,20.742165,19.637545,19.403561,19.260752,19.234482
587727223545069930,322.57537804,12.25742568,22.461527,21.086618,20.726053,20.595146,20.311914
587727223545069931,322.5767968,12.25503031,22.632843,21.461485,21.04166,20.826872,20.618284
587727223545069932,322.57690709,12.25777055,23.337938,22.183529,21.463974,21.249441,20.819242
587727223545069933,322.57285052,12.258514,23.147434,23.173061,22.076735,21.481663,21.539671
587727223545069956,322.58243387,12.25470864,19.258732,19.219549,19.430799,19.677185,20.225315
587727223545069988,322.58509942,12.29524777,22.752625,20.632048,19.653763,19.209454,18.941393
587727223545069993,322.58438202,12.29567668,25.183207,22.730865,22.315128,22.24284,21.972979
587727223545070264,322.47849855,12.28403058,20.151913,19.169891,18.873272,18.727108,18.628456
587727223545070265,322.48170722,12.28510987,20.700714,19.731386,19.404232,19.277056,19.247278
587727223545070267,322.48016504,12.28426967,21.175373,20.06645,19.730392,19.540304,19.474686
587727223545070268,322.4783618,12.28609737,21.508619,20.204424,19.861441,19.703032,19.579546
587727223545070269,322.47752548,12.28422785,21.594189,20.2607,19.973797,19.835213,19.66004
587727223545070270,322.47929312,12.28443849,24.176552,22.121655,21.820601,21.731531,21.632946
587727223545070290,322.48303748,12.28754189,21.523779,20.754066,20.410784,20.238379,20.099508
587727223545070291,322.482312,12.28729592,25.709967,22.987387,22.744665,22.154366,21.320154
587727223545070330,322.48936966,12.28495317,22.416939,21.365465,21.029865,20.842974,21.003294
587727223545070460,322.50901505,12.28440651,22.06329,20.849791,20.523737,20.32633,20.18722
587727223545070461,322.50928342,12.28524772,22.26088,21.016275,20.726727,20.475845,20.35796
587727223545070510,322.512812,12.2903455,20.522694,19.530865,19.262514,19.099545,19.131119
587727223545070511,322.51659873,12.28595422,20.568382,19.567482,19.345016,19.254128,19.13707
587727223545070512,322.51378382,12.28750011,21.150248,20.012907,19.758978,19.591137,19.585741
587727223545070513,322.5124817,12.28930931,21.04273,19.917055,19.70451,19.505592,19.400541
587727223545070514,322.51589324,12.28595038,21.421125,20.503065,20.117786,20.016651,19.943548
587727223545070518,322.52000158,12.28592453,22.536837,21.258497,20.851112,20.71962,20.666386
587727223545070521,322.52176862,12.28537913,22.647112,21.559347,21.086336,21.160315,20.86001
587727223545070522,322.51415876,12.28926752,22.928419,21.870937,21.447536,21.22146,20.741003
587727223545070523,322.51854083,12.28563116,23.479193,21.843218,21.437754,21.500525,21.384724
587727223545070524,322.5229768,12.2872184,24.994385,22.02478,21.516228,21.633011,21.05068
587727223545070525,322.51477957,12.28631192,24.533689,22.390709,21.717529,21.71085,21.207619
587727223545070549,322.51308878,12.32182143,21.778494,20.924471,20.524193,20.352137,20.304501
587727223545070565,322.52415882,12.28435542,22.197836,20.916632,20.55242,20.470049,20.450102
587727223545070604,322.52616805,12.32154006,21.26214,20.521639,20.202002,20.040709,19.913439
587727223545070736,322.55266253,12.2703056,21.622961,20.300962,19.987219,19.98082,19.980211
587727223545070742,322.55342912,12.26957675,25.86529,22.55398,22.099045,21.925589,21.923101
587727223545070765,322.54641287,12.31528352,21.540672,20.711428,20.362316,20.185614,20.087715
587727223545070766,322.54847358,12.31507545,23.201099,21.475945,20.952913,20.784441,20.534626
587727223545070792,322.55151858,12.31272494,21.194176,20.129709,19.828852,19.644077,19.611452
587727223545070806,322.5615601,12.26478669,21.100584,20.407404,20.047497,19.815191,19.904041
587727223545070807,322.56352587,12.26665127,21.663179,20.960924,20.581949,20.511,20.341173
587727223545070808,322.56291725,12.26547962,22.520887,21.444281,21.110535,20.912424,20.495275
587727223545070809,322.56200892,12.26586331,22.719561,22.4251,21.188828,20.525196,20.154217
587727223545070810,322.56055166,12.26682437,22.849724,21.566179,21.155172,21.086117,20.898155
587727223545070811,322.56026757,12.26499027,23.151514,22.35391,22.215332,21.609734,22.099155
587727223545070844,322.56687886,12.2609018,22.335705,21.693659,20.984083,20.693342,20.942884
587727223545070851,322.56735241,12.26553502,20.060986,17.838856,16.895214,16.512854,16.262495
587727223545070852,322.56929354,12.26188032,22.363989,21.020525,20.720085,20.44644,20.279428
587727223545070853,322.56905365,12.25985289,22.99011,21.176004,20.838455,20.708101,20.289879
587727223545070854,322.56872605,12.26363166,22.739193,21.593895,21.258923,21.02099,21.076811
587727223545070855,322.57100351,12.26284404,22.57016,21.790522,21.331305,21.035089,21.060144
587727223545070856,322.5696632,12.26036042,22.502642,21.791826,21.323301,21.075369,21.133303
587727223545070857,322.56834786,12.2650341,25.417843,22.551174,21.993013,22.092548,21.459675
587727223545070858,322.57025421,12.26230099,23.233068,22.270411,21.875679,21.717316,21.342896
587727223545070859,322.56793677,12.26266534,22.825018,22.610144,22.084782,21.640549,21.412485
587727223545070879,322.57403919,12.26336304,21.387848,20.580786,20.326021,20.169777,20.031664
587727223545070961,322.5789733,12.29927619,21.929342,20.701687,20.305428,20.084206,19.916149
587727223545070962,322.57898563,12.29986434,24.833639,22.487232,21.941599,22.378725,22.248098
587727223545070985,322.59194007,12.28958734,24.149345,23.962948,22.22014,20.386242,19.581333
587727223545071049,322.60182969,12.28377988,22.627655,21.847704,21.287186,21.123909,21.203287
587727223545071051,322.60148222,12.28220008,22.326832,22.133205,21.622742,21.528694,21.097263
587727223545071106,322.6083545,12.27683753,22.452528,20.151295,18.6875,17.864239,17.410805
587727223545071138,322.61678053,12.26597708,24.102964,20.502811,19.035812,18.084057,17.534933
587727223545071249,322.50987765,12.32459854,24.839186,21.420555,20.077497,19.124613,18.618427
587727223545071250,322.51030981,12.32418198,22.491156,22.354593,21.60006,22.005983,22.299749
587727223545071327,322.48665489,12.29160768,22.520786,21.556765,21.243927,20.838556,21.758026
587727223545071328,322.4870082,12.29234648,24.221064,23.476681,22.438757,21.637691,20.979536
587727223545071427,322.61412481,12.27240655,22.633215,21.46089,20.760708,20.477083,20.398613
587727223545071429,322.6133942,12.27086448,21.912973,21.550144,21.090912,21.031071,20.587751
587727223545071430,322.61082834,12.27229005,22.884783,22.232731,21.900047,21.448839,21.506355
587727223545071431,322.61370587,12.27029091,26.330462,23.762859,22.276983,21.318455,20.847181
587727223545071512,322.47729718,12.3227919,21.980379,21.07366,20.351877,20.13699,20.041149
587727223545071526,322.47977692,12.32294349,23.1539,21.096096,20.485924,20.099594,19.997942
587727223545071540,322.49025275,12.2893549,22.558706,21.844202,21.328659,21.23012,21.04756
587727223545071541,322.48982802,12.28955197,23.043894,21.624332,21.33145,20.947123,21.516167
587727223545071542,322.4881547,12.28956397,23.846481,22.176558,21.6423,21.432213,20.911509
587727223545071544,322.48585041,12.28839951,23.392962,22.37804,21.551716,21.189623,21.315088
587727223545071545,322.4857581,12.29000256,24.959293,22.466351,21.778654,21.418304,21.076525
587727223545071546,322.48504223,12.29025541,24.49893,22.623022,21.958021,21.727938,22.098003
587727223545071547,322.48444697,12.29169888,24.332479,24.96076,23.047077,21.591581,21.030304
587727223545071548,322.48969717,12.29085106,25.644718,22.650194,22.378326,21.85659,22.521786
587727223545071549,322.49045436,12.29110747,24.091619,23.004507,22.293591,22.051458,22.06274
587727223545071550,322.48878643,12.28910467,24.046232,22.848347,22.396011,22.449186,22.148474
587727223545071555,322.4886245,12.28673748,22.950478,21.72699,21.16618,21.050783,20.606936
587727223545071559,322.48883935,12.29300401,24.558815,23.105724,22.33923,22.045067,22.25675
587727223545071572,322.49172365,12.28801504,23.111336,21.855906,21.285055,20.997095,21.546366
587727223545071580,322.49340189,12.28546497,23.092453,22.168863,21.683685,21.269114,21.131474
587727223545071656,322.50673003,12.28952387,23.09507,21.72175,21.259125,21.025434,20.837881
587727223545071657,322.50872268,12.28997771,23.555288,22.049469,21.766392,21.514326,21.305521
587727223545071658,322.50770325,12.29035353,23.025286,22.20129,21.48962,21.427471,20.957294
587727223545071659,322.50860633,12.29076316,25.13344,23.293152,22.4657,22.958117,22.484339
587727223545071702,322.51703895,12.28404618,24.531996,22.58205,22.417383,22.619358,21.524767
587727223545071706,322.51642271,12.29060217,23.147182,21.590708,21.265244,21.103535,21.106094
587727223545071708,322.51633158,12.2898062,24.375378,23.977884,22.640203,22.840757,22.148941
587727223545071719,322.51944813,12.28347383,24.14674,22.182436,21.552446,21.363348,21.688948
587727223545071721,322.52045283,12.28811364,26.052803,24.575882,22.125629,21.271215,20.90663
587727223545071722,322.51874673,12.28817389,23.257845,22.558794,21.645885,21.522833,22.891697
587727223545071767,322.52727521,12.28793827,22.989052,21.341223,20.868408,21.137293,20.545588
587727223545071769,322.52973994,12.2875144,22.534342,21.491152,21.226761,21.030247,21.923296
587727223545071770,322.52486867,12.28787695,24.052395,22.5723,21.953238,22.301874,22.059954
587727223545071771,322.52548768,12.28755084,23.554201,22.53454,21.898706,21.924252,21.444654
587727223545071798,322.52268576,12.32247064,22.324734,21.230602,20.792828,20.694695,20.673548
587727223545071894,322.5408358,12.31794228,24.007696,22.858442,22.306845,21.789063,22.207169
587727223545071965,322.5613984,12.26891206,25.538263,23.025356,23.064093,22.464424,21.486767
587727223545071978,322.55551302,12.31266391,22.408432,22.809687,22.325356,21.965597,21.807327
587727223545071982,322.5651108,12.26343151,22.978117,21.218172,20.747475,20.473032,20.1961
587727223545071984,322.5653557,12.26430193,25.638338,24.101109,22.491478,23.141708,22.495604
587727223545072015,322.56792428,12.26939819,25.683489,22.95738,22.320072,21.855009,21.857616
587727223545072022,322.56850364,12.2674402,22.415897,21.610025,21.27128,21.068182,21.2614
587727223545072023,322.56968599,12.26770705,24.628078,22.78072,22.346142,21.858744,21.055624
587727223545072031,322.57215869,12.26163852,22.886393,21.81035,21.361586,20.990423,20.686903
587727223545072035,322.56436035,12.30708444,25.2778,22.832321,22.26181,22.322561,21.800642
587727223545072087,322.57950809,12.25979747,22.176559,21.015543,20.547213,20.429333,20.678473
587727223545072088,322.58088172,12.25799061,23.207561,21.683626,21.195419,20.995693,21.129406
587727223545072110,322.5755689,12.30108479,24.669333,22.851559,22.904318,22.427725,21.036507
587727223545072236,322.59497949,12.2881165,22.391571,21.178329,20.684975,20.558805,20.18638
587727223545072262,322.60074366,12.28547287,22.991587,21.804028,21.307032,21.239794,20.768093
587727223545072342,322.61524361,12.26822272,22.941156,23.139072,22.485615,21.976337,22.824299
587727223545072359,322.62082956,12.26193276,22.869211,21.919525,21.414825,21.129677,21.200232
587727223545072498,322.48542722,12.28626793,26.120365,23.370087,22.463978,21.849312,22.463661
587727223545072510,322.49248485,12.29311472,25.694988,23.14797,22.153858,22.124607,21.52548
587727223545072528,322.51315721,12.28419531,23.68833,24.183985,22.462639,22.695555,24.08029
587727223545072531,322.51461485,12.28371818,25.534508,23.253143,22.504232,22.703371,21.478313
587727223545072596,322.58793604,12.294299,24.822224,23.071014,22.187098,21.756348,23.223644
587730775483482221,322.650004,12.12742689,20.032101,19.133707,18.81221,18.718163,18.695261
587730775483482228,322.64943552,12.1289036,25.181982,23.610731,22.511242,22.349524,23.058834
587730775483482284,322.65436038,12.15223268,18.877508,17.401525,16.798534,16.599438,16.477926
587730775483482303,322.65250974,12.194627,26.635559,23.796074,22.202341,21.315912,20.87393
587730775483482814,322.63339316,12.24348165,20.357613,19.098019,18.566944,18.386383,18.333904
587730775483482815,322.63270155,12.24347752,21.50647,20.306561,19.909794,19.792933,19.745571
587730775483482827,322.63357489,12.24519267,25.550598,23.840054,22.557146,21.945061,21.391279
587730775483482839,322.63112043,12.24868945,21.505608,20.675636,20.213043,20.125509,20.01388
587730775483482845,322.65251414,12.146495,24.760063,20.789225,19.274122,18.512377,18.09219
587730775483482854,322.65209807,12.13848135,22.690844,20.387821,18.879599,17.920103,17.41996
587730775483482881,322.65288093,12.14174173,23.668364,22.340752,21.667036,21.885544,21.065893
587730775483482898,322.65288737,12.14963528,22.183174,20.778793,20.098499,19.903273,19.626348
587730775483482907,322.65354493,12.18058465,20.679811,19.482378,18.886951,18.700579,18.573473
587730775483482909,322.65216691,12.17996242,21.790024,21.030659,20.601322,20.455544,20.480215
587730775483482917,322.63991018,12.2314483,20.257683,19.263992,18.877859,18.748035,18.634087
587730775483482918,322.64131715,12.23160268,24.805252,22.362675,21.733303,21.283796,21.506096
587730775483482930,322.64539544,12.21416322,22.399504,21.274284,20.719069,20.557833,20.141174
587730775483482939,322.65308505,12.16879653,21.075975,20.12645,19.757448,19.627785,19.53064
587730775483482940,322.65319967,12.16772874,21.803654,20.989456,20.551168,20.425287,20.334923
587730775483482946,322.65152932,12.19755694,21.374821,20.714102,20.243271,20.116776,19.932123
587730775483482955,322.65414906,12.17465225,22.456152,21.805332,21.435188,21.081928,20.750147
587730775483483565,322.640599,12.22831798,21.866333,21.078846,20.604374,20.392673,20.49514
587730775483483566,322.64150465,12.22750793,23.649675,22.455275,21.984009,21.818686,21.158461
587730775483483739,322.62365479,12.25982363,22.496584,21.72658,21.157658,20.992842,20.687113
587730775483483740,322.62451195,12.25985291,23.93438,23.087753,22.01516,22.011503,21.593048
587730775483483750,322.62625477,12.25311188,24.894276,22.924496,22.329319,21.892715,21.588995
587730775483483774,322.62756285,12.2555439,25.906395,23.072981,22.542683,22.324087,22.773558
587730775483483805,322.63844281,12.23417581,23.708693,21.994982,21.416067,21.384897,21.309669
587730775483483821,322.6549573,12.161354,22.052303,21.073502,20.591616,20.471886,20.496265
587730775483483822,322.65354375,12.1633988,22.555967,22.077942,21.400276,21.261,21.228008
587730775483483827,322.6546727,12.15898803,22.129799,21.657797,21.143036,20.855618,20.206179
587730775483483835,322.65269741,12.17316525,22.120642,21.222227,20.734598,20.653948,20.670832
587730775483483841,322.64408522,12.22292131,23.031996,21.755369,21.191729,21.023962,21.403528
587730775483483843,322.64727756,12.20794562,22.304035,21.042589,20.56233,20.43111,20.370415
587730775483483852,322.65456465,12.1719848,22.788467,22.219681,21.686918,21.45805,21.788456
587730775483483858,322.65268502,12.18695226,23.092367,22.163195,21.527943,21.177216,21.484665
587730775483483861,322.65332081,12.18479845,22.404856,21.452631,21.038712,20.789865,20.509827
587730775483483863,322.65005678,12.20319351,22.318459,21.423021,20.843233,20.816927,20.916376
587730775483483864,322.64982485,12.20225642,24.152443,22.73922,21.85976,21.831482,21.052673
587727223008133452,322.47075665,12.00478366,21.695181,19.497139,18.574146,18.185835,18.007307
587727223008133453,322.47171333,12.00286775,21.653906,20.865665,20.419535,20.236288,19.976393
587727223008133455,322.46928478,12.00399744,23.012093,21.585901,21.045677,20.857174,20.482241
587727223008133544,322.48876295,12.00325628,18.786333,17.487661,16.979725,16.777193,16.713608
587727223008133545,322.489544,12.00429079,22.21805,20.845991,20.507208,20.218557,20.237906
587727223008133553,322.49562848,12.00678744,19.771852,17.208996,15.837583,15.196826,14.858931
587727223008133554,322.49350736,12.00661578,20.967321,20.430311,20.007963,19.795609,19.840778
587727223008133555,322.49390615,12.00731034,21.46739,20.865007,21.245262,20.739246,20.563255
587727223008133558,322.49280122,12.0073355,22.191193,21.141735,20.768049,20.475073,20.712221
587727223008133559,322.49239049,12.00676388,24.326412,22.676653,22.353905,21.832418,22.077793
587727223008133605,322.5114111,12.00520023,16.243628,15.316921,15.987452,14.199202,13.722322
587727223008133606,322.51079004,12.00689299,24.975233,22.409937,20.541828,19.362713,18.365313
587727223008133607,322.50766443,12.00651371,22.838884,22.373976,21.81126,21.216436,21.232748
587727223008133608,322.51004956,12.00805607,25.903646,22.628149,21.736752,21.304323,21.339483
587727223008133901,322.44019213,12.01490014,21.454325,20.341318,19.768274,19.55644,19.370483
587727223008133903,322.44469267,12.01197568,20.221403,19.2204,18.872723,18.733644,18.737312
587727223008133904,322.44110773,12.01136527,21.123968,20.149324,19.853872,19.650293,19.620384
587727223008133905,322.44346228,12.01232854,22.962463,21.804195,21.330219,21.219418,20.558977
587727223008133906,322.44270225,12.01175691,23.97698,22.677029,22.243526,21.779533,21.406704
587727223008133934,322.44727409,12.00821668,20.542418,19.115835,18.441933,18.187191,18.072998
587727223008133935,322.44708792,12.00893039,23.94524,22.526243,21.996212,21.83357,21.270969
587727223008133936,322.44672356,12.01310303,21.548433,20.738331,20.375393,20.183723,20.077639
587727223008133954,322.45256437,12.01134645,24.534115,21.275623,19.860697,19.013985,18.604671
587727223008133955,322.45207428,12.01076701,21.563698,20.846287,20.362236,20.32773,20.13146
587727223008133956,322.45040489,12.0110148,23.52788,22.467764,22.074265,21.492548,22.200279
587727223008133973,322.45707054,12.01121703,20.902033,19.939444,19.591768,19.517618,19.471975
587727223008133975,322.45579377,12.01135577,24.440575,23.355749,22.116552,22.120277,22.245199
587727223008134000,322.46013172,12.00504011,20.894934,18.434721,17.279821,16.81596,16.563675
587727223008134039,322.46740669,12.00985928,23.795757,21.789505,21.30974,21.203346,20.867495
587727223008134041,322.46801409,12.00908174,23.87063,22.118979,21.670322,21.230267,20.924517
587727223008134042,322.46756463,12.00616666,20.924435,20.094589,19.693514,19.535429,19.515987
587727223008134048,322.47231505,12.00892044,20.817024,19.865923,19.52976,19.411943,19.388742
587727223008134074,322.48019009,12.00201829,20.982096,20.086113,19.67016,19.562365,19.612505
587727223008134082,322.48023561,12.00650225,21.702732,20.838406,20.402971,20.278351,20.31126
587727223008134088,322.48082552,12.00856259,22.0959,20.910734,20.462555,20.360174,20.114386
587727223008134103,322.48249838,12.0049759,21.794127,19.41695,18.033262,17.396063,17.046883
587727223008134120,322.4853424,12.00746343,21.779863,20.850447,20.471903,20.217653,20.246275
587727223008134255,322.51515982,12.00950385,20.762949,19.916241,19.540939,19.391798,19.386625
587727223008134256,322.51454024,12.00835608,25.022249,22.160692,21.649075,21.251928,21.316401
587727223008134320,322.52308415,12.00950853,20.33144,19.338188,19.008411,18.866032,18.821508
587727223008134321,322.52399897,12.00909491,23.688448,21.942039,21.53933,21.249537,20.980654
587727223008134322,322.52483507,12.00990578,22.59642,22.499922,21.829283,21.598969,21.120789
587727223008134324,322.52365408,12.00675562,20.519234,19.549223,19.263493,19.153423,18.997494
587727223008134325,322.52497359,12.0053794,21.336651,20.13518,20.076283,20.123373,20.437923
587727223008134326,322.52295714,12.00719861,22.559742,21.236053,20.821814,20.549202,20.473682
587727223008134327,322.52601181,12.00575662,23.092606,21.978062,21.396757,21.225431,20.976156
587727223008134396,322.45917745,12.01174241,25.549463,21.677984,20.263472,18.693657,17.881699
587727223008134413,322.48444362,12.00153286,24.994682,21.909504,20.296358,18.955328,18.209978
587727223008134414,322.4862328,12.00240329,21.278395,27.129797,20.824883,20.215042,20.085062
587727223008134562,322.48726664,12.00523605,21.791832,21.139338,20.68454,20.495646,20.288301
587727223008134566,322.50439952,12.00400317,22.040129,21.241211,20.819212,20.602251,20.647806
587727223008134567,322.50264957,12.00405478,23.350725,21.920599,21.363184,21.286131,21.117792
587727223008134871,322.43698252,12.01026934,22.917175,21.577593,21.056919,20.876549,20.751217
587727223008134877,322.4378289,12.01287621,25.789732,22.926029,22.753698,22.404274,22.440098
587727223008134934,322.45089948,12.00617398,22.465534,21.071144,20.653646,20.432716,20.30899
587727223008134958,322.45645643,12.00506926,23.471821,22.848995,22.228821,21.917875,21.404894
587727223008134980,322.46075553,12.00888585,22.945696,23.478395,22.298668,21.183613,20.89716
587727223008134981,322.46060513,12.00847345,24.968771,22.492867,21.748091,21.783339,21.665236
587727223008134998,322.46494421,12.00834769,22.287582,21.875488,21.440357,21.131241,20.67733
587727223008134999,322.46376614,12.00886043,24.995819,22.618797,22.19158,21.620369,21.567493
587727223008135119,322.49018488,12.00111811,26.02758,22.82865,22.380754,22.297705,21.528185
587727223008135120,322.48920386,12.00807672,22.961763,22.963451,22.516714,22.317213,21.135159
587727223008135176,322.50099736,12.00723701,22.225626,21.609484,21.094477,20.755219,20.818018
587727223008135225,322.51301542,12.00211349,24.160543,22.639582,21.956923,21.444963,21.737892
587727223008135440,322.42832018,12.01404002,24.6133,23.597433,22.905207,22.60862,22.437243
587727223008135455,322.43513112,12.0128674,24.533592,24.230415,22.47085,22.479753,21.854506
587727223008135586,322.52012926,12.00933582,22.880125,23.701288,22.629972,22.549997,21.715696
587727223008135730,322.50244453,12.00614809,23.027081,23.349537,22.996586,21.85041,21.013472
587727223008135773,322.52256625,12.00506499,25.625196,24.645327,25.173826,23.588587,20.446747
587727223008198872,322.59488517,12.04290898,17.94389,16.689455,16.205538,16.010641,15.918755
587727223008198894,322.60195417,12.0440246,18.913368,17.723732,17.177227,16.927296,16.777708
587727223008199239,322.53497974,12.01086363,21.613258,20.605768,20.285458,20.275141,20.088371
587727223008199240,322.53416654,12.01082668,22.378546,21.087469,20.752911,20.549519,20.220623
587727223008199301,322.54782297,12.01183132,22.643589,19.936993,18.39761,17.479692,16.93218
587727223008199302,322.5495447,12.0129398,22.701967,21.706919,21.200346,20.849051,20.467379
587727223008199303,322.54707505,12.01043819,24.222233,23.616531,22.325363,21.07143,20.12652
587727223008199310,322.54762889,12.01676571,20.05933,19.119419,18.767591,18.66205,18.599886
587727223008199311,322.54871756,12.01766132,25.457172,23.667627,21.878624,20.542147,19.998535
587727223008199346,322.55633505,12.02017441,21.506382,20.70846,20.319771,20.147078,20.061264
587727223008199364,322.55907054,12.02118436,25.258135,22.752081,22.259563,21.701645,21.431232
587727223008199367,322.56051138,12.01677872,20.001289,18.701939,18.128862,17.922653,17.781626
587727223008199382,322.56286437,12.0227265,21.733974,20.936275,20.586617,20.4484,20.259443
587727223008199389,322.56427837,12.02411355,21.245062,19.975622,19.468493,19.35541,19.289167
587727223008199413,322.56965108,12.01978297,21.290007,20.449226,20.122856,19.997658,20.190321
587727223008199446,322.57624339,12.02347153,24.885958,23.250509,21.260763,20.4744,20.246273
587727223008199448,322.57498557,12.02337489,23.643621,23.367416,22.420675,22.612967,22.297691
587727223008199479,322.58082832,12.02911407,21.811953,20.826668,20.490868,20.371376,20.211733
587727223008199480,322.58066425,12.02822487,23.886433,23.531752,22.159967,21.290144,21.072512
587727223008199508,322.58469669,12.03497941,20.265753,18.854568,18.308338,18.093536,17.952059
587727223008199520,322.58767673,12.02981075,22.27828,19.808317,18.540806,18.012129,17.686861
587727223008199523,322.58713701,12.03300442,20.003292,19.045944,18.662561,18.520321,18.416399
587727223008199524,322.58948337,12.03268661,22.361263,21.685541,21.137833,20.982067,21.077749
587727223008199525,322.5887297,12.03317785,24.415089,24.639896,25.620256,24.417896,20.586674
587727223008199594,322.60709893,12.04405307,21.377926,20.575762,20.168139,20.019215,19.932796
587727223008199595,322.60799173,12.04500722,23.187614,21.436775,20.962086,20.789026,20.770868
587727223008199929,322.55613882,12.01629122,24.50491,23.281328,21.656282,19.401085,18.205202
587727223008199944,322.60081495,12.03996907,26.20919,22.095915,20.627987,19.787968,19.206263
587727223008199945,322.59829971,12.04035975,22.952263,22.387533,21.774704,21.346863,21.888054
587727223008199946,322.5995004,12.04039593,24.486752,22.190096,21.757498,21.603788,21.62438
587727223008199947,322.59766171,12.0418925,22.8668,22.649296,21.791056,21.697481,20.965654
587727223008199978,322.5292294,12.01127096,21.929255,21.245396,20.751257,20.743488,20.488264
587727223008199985,322.53959987,12.01231673,23.73172,23.517832,21.623222,20.109055,19.238703
587727223008199986,322.53910654,12.01418547,21.819252,20.964777,20.457693,20.404469,20.147528
587727223008199987,322.53907984,12.01199383,23.797821,22.169212,21.51882,21.398378,21.073502
587727223008200095,322.52920541,12.00742506,24.572182,22.580673,21.799574,21.805189,21.3137
587727223008200153,322.54319948,12.01146295,24.094587,22.639502,22.081066,21.92968,21.546583
587727223008200154,322.54347406,12.01444223,22.348118,21.441696,21.010334,20.814911,21.013916
587727223008200227,322.55470286,12.01276444,23.48675,22.146219,21.559893,21.410109,20.815722
587727223008200306,322.56541547,12.01888354,22.568632,21.639044,21.099653,20.906048,21.591387
587727223008200317,322.56712906,12.02127769,23.664101,22.942368,22.518251,21.638752,21.050806
587727223008200349,322.5716941,12.02287473,24.969015,21.948757,20.698082,19.935787,19.456617
587727223008200350,322.57190953,12.02372945,22.936245,21.823757,21.338087,21.004839,21.493586
587727223008200351,322.57132422,12.0228865,22.917694,21.964079,21.39642,21.584249,22.40167
587727223008200352,322.57243607,12.0209168,23.185219,22.088736,21.691095,21.584942,21.249468
587727223008200365,322.57705336,12.0296062,24.964622,22.436073,21.833887,21.723869,21.880131
587727223008200389,322.58344189,12.02658967,23.791559,22.738445,22.268951,22.121164,21.739456
587727223008200440,322.59192273,12.03736317,23.904665,23.680288,22.727877,21.594856,20.681307
587727223008200441,322.59285932,12.03722534,23.631721,23.086056,22.188778,22.335051,22.26128
587727223008200445,322.59361431,12.03477845,24.938072,23.136187,22.169859,21.842144,21.944181
587727223008200490,322.60104832,12.04216044,23.317144,22.989012,22.74789,22.131737,22.86763
587727223008200494,322.60323683,12.04213514,23.153841,22.225794,21.752024,21.445145,21.377338
587727223008200812,322.53239167,12.00606687,23.096264,23.531738,22.619595,23.260225,22.092112
587727223008200815,322.53423082,12.00831029,23.463106,23.987553,22.573273,21.805847,21.375578
587727223008200817,322.53647479,12.00898368,24.693045,23.686726,22.626844,22.402649,21.558378
587727223008200838,322.55031595,12.01453156,23.534985,23.947651,22.285172,21.293821,20.555639
587727223008200903,322.58456416,12.03041732,24.674339,24.324139,22.626656,22.827847,21.926523
